{"name":"RSK.View.Chemistry.MaxDate","category":null,"description":"RSK.View.Chemistry.MaxDate","metaData":"{\"parameters\":[{\"name\":\"ehrId\",\"description\":\"\",\"type\":\"string\"}]}","steps":[{"processorName":"jsonAql","processorData":"SELECT c/context/start_time/value as DateTime\r\n    FROM EHR e\r\n    CONTAINS COMPOSITION c[openEHR-EHR-COMPOSITION.report-result.v1]\r\n    CONTAINS CLUSTER g[openEHR-EHR-CLUSTER.laboratory_test_analyte.v1] \r\n    WHERE e/ehr_id/value = :ehrId \r\n    AND c/archetype_details/template_id/value = \"Lab_result_report_TCPOC\" \r\n    order by c/context/start_time/value desc\r\n    FETCH 1"}]}