{"name":"RSK.View.Chemistry.Data","category":null,"description":"RSK.View.Chemistry.Data","metaData":"{\"parameters\":[{\"name\":\"ehrId\",\"description\":\"\",\"type\":\"string\"},{\"name\":\"toDate\",\"description\":\"\",\"type\":\"string\"},{\"name\":\"fromDate\",\"description\":\"\",\"type\":\"string\"}]}","steps":[{"processorName":"jsonAql","processorData":"SELECT c/uid/value as CompositionId,\r\n    g/items[at0024]/value/defining_code/code_string AS Id,\r\n    g/items[at0024]/value/value AS Name,\r\n    g/items[at0001,'Analysresultat (kvantitet)']/value/magnitude AS Value,\r\n    g/items[at0001,'Analysresultat (kvantitet)']/value/units AS Unit,\r\n    c/context/start_time/value as DateTime\r\n    FROM EHR e\r\n    CONTAINS COMPOSITION c[openEHR-EHR-COMPOSITION.report-result.v1]\r\n    CONTAINS CLUSTER g[openEHR-EHR-CLUSTER.laboratory_test_analyte.v1] \r\n    WHERE e/ehr_id/value = :ehrId \r\n    AND c/archetype_details/template_id/value = \"Lab_result_report_TCPOC\" \r\n    AND c/context/start_time/value <= :toDate\r\n    AND c/context/start_time/value >= :fromDate\r\n    ORDER BY Name ASC"}]}