{"name":"Get Widget Data","id":"d8f62d3e-0b86-4c29-992e-289df6be580c","headers":[],"parameters":[],"authentication":{"params":[],"type":"None"},"baseUrl":"https://open-platform-migration.service.tietoevry.com/ehr/rest/v1/view/","calls":[{"name":"Get Chart data","requestMethod":"GET","headers":[],"parameters":[],"id":"610b7b2f-0e4c-4a8a-970f-ddd4b1964518","pathParameters":[{"name":"{ehrId}","value":"16ed1cce-1bbf-4fba-b20f-ccb447987f61","testValue":"16ed1cce-1bbf-4fba-b20f-ccb447987f61"}],"pathParams":{"{ehrId}":"16ed1cce-1bbf-4fba-b20f-ccb447987f61"},"customValueSet":null,"url":"{ehrId}/Kcase.View.Widget.Chart","responseType":"json","bodyType":"JSON","response":[{"name":"value (list)","type":"LIST","sampleValue":"","children":[{"name":"name_en","type":"TEXT","sampleValue":"Systolic","children":[]},{"name":"name_sv","type":"TEXT","sampleValue":"Systoliskt","children":[]},{"name":"unit","type":"TEXT","sampleValue":"mm[Hg]","children":[]},{"name":"scale_value_min","type":"NUMBER","sampleValue":"80","children":[]},{"name":"scale_value_max","type":"NUMBER","sampleValue":"180","children":[]},{"name":"data","type":"OBJECT","sampleValue":"","children":[{"name":"values (list)","type":"LIST","sampleValue":"","children":[{"name":"value","type":"NUMBER","sampleValue":"120","children":[]},{"name":"date","type":"TEXT","sampleValue":"2024-09-12T09:17:42.144496919Z","children":[]}],"parentObjectName":"data"}]}]}],"groupTag":"","sampleResponse":[{"name_en":"Systolic","name_sv":"Systoliskt","unit":"mm[Hg]","scale_value_min":80,"scale_value_max":180,"data":{"values":[{"value":120,"date":"2024-09-12T09:17:42.144496919Z"}]}},{"name_en":"Diastolic","name_sv":"Diastoliskt","unit":"mm[Hg]","scale_value_min":60,"scale_value_max":120,"data":{"values":[{"value":80,"date":"2024-09-12T09:17:42.144496919Z"}]}}]},{"name":"Get Parameter History data","requestMethod":"GET","headers":[],"parameters":[],"id":"eb2d0006-abc0-4e3e-990c-ba3083b3fb2f","pathParameters":[{"name":"{ehrId}","value":"%ehrId%","testValue":"2fa153b9-ade7-4514-9b20-b3fdea694c01"}],"pathParams":{"{ehrId}":"%ehrId%"},"customValueSet":null,"url":"{ehrId}/Kcase.View.Widget.ParameterWithHistory","responseType":"json","bodyType":"JSON","response":[{"name":"data","type":"OBJECT","sampleValue":"","children":[{"name":"values (list)","type":"LIST","sampleValue":"","children":[{"name":"systolic","type":"NUMBER","sampleValue":"123","children":[]},{"name":"diastolic","type":"NUMBER","sampleValue":"65","children":[]},{"name":"date","type":"TEXT","sampleValue":"2024-05-22T15:11:10.734213Z","children":[]}],"parentObjectName":"data"}]},{"name":"unit","type":"TEXT","sampleValue":"mm[Hg]","children":[]}],"groupTag":"","sampleResponse":{"data":{"values":[{"systolic":123,"diastolic":65,"date":"2024-05-22T15:11:10.734213Z"},{"systolic":111,"diastolic":55,"date":"2024-05-22T15:09:43.194439Z"},{"systolic":123,"diastolic":99,"date":"2024-05-22T14:43:02.61351Z"}]},"unit":"mm[Hg]"}},{"name":"Get Blood Pressure data","requestMethod":"GET","headers":[],"parameters":[],"id":"cc1fae2e-bfc4-4867-9d7e-04498480fb4e","pathParameters":[{"name":"{ehrId}","value":"%ehrId%","testValue":"2fa153b9-ade7-4514-9b20-b3fdea694c01"}],"pathParams":{"{ehrId}":"%ehrId%"},"customValueSet":null,"url":"{ehrId}/Kcase.View.Widget.Score.BloodPressure","responseType":"json","bodyType":"JSON","response":[{"name":"data","type":"OBJECT","sampleValue":"","children":[{"name":"values (list)","type":"LIST","sampleValue":"","children":[{"name":"systolic","type":"NUMBER","sampleValue":"123","children":[]},{"name":"diastolic","type":"NUMBER","sampleValue":"55","children":[]},{"name":"date","type":"TEXT","sampleValue":"2024-06-03T07:05:03.660001Z","children":[]}],"parentObjectName":"data"}]},{"name":"unit","type":"TEXT","sampleValue":"mm[Hg]","children":[]}],"groupTag":"","sampleResponse":{"data":{"values":[{"systolic":123,"diastolic":55,"date":"2024-06-03T07:05:03.660001Z"},{"systolic":123,"diastolic":66,"date":"2024-06-03T05:56:04.72354Z"},{"systolic":123,"diastolic":44,"date":"2024-05-31T11:16:19.629711Z"}]},"unit":"mm[Hg]"}},{"name":"Get Pulse data","requestMethod":"GET","headers":[],"parameters":[],"id":"52be7942-52eb-454f-adb5-f035d47ab6bb","pathParameters":[{"name":"{ehrId}","value":"%ehrId%","testValue":"2fa153b9-ade7-4514-9b20-b3fdea694c01"}],"pathParams":{"{ehrId}":"%ehrId%"},"customValueSet":null,"url":"{ehrId}/Kcase.View.Widget.Score.PulseRate","responseType":"json","bodyType":"JSON","response":[{"name":"data","type":"OBJECT","sampleValue":"","children":[{"name":"values (list)","type":"LIST","sampleValue":"","children":[{"name":"pulse","type":"NUMBER","sampleValue":"61","children":[]},{"name":"date","type":"TEXT","sampleValue":"2024-03-29T07:53:16.697+02:00","children":[]}],"parentObjectName":"data"}]},{"name":"unit","type":"TEXT","sampleValue":"/min","children":[]}],"groupTag":"","sampleResponse":{"data":{"values":[{"pulse":61,"date":"2024-03-29T07:53:16.697+02:00"}]},"unit":"/min"}},{"name":"Get PulseOximetry data","requestMethod":"GET","headers":[],"parameters":[],"id":"5c6774f0-5bb5-451d-ada4-5fc173550473","pathParameters":[{"name":"{ehrId}","value":"%ehrId%","testValue":"2fa153b9-ade7-4514-9b20-b3fdea694c01"}],"pathParams":{"{ehrId}":"%ehrId%"},"customValueSet":null,"url":"{ehrId}/Kcase.View.Widget.Score.PulseOximetry","responseType":"json","bodyType":"JSON","response":[{"name":"data","type":"OBJECT","sampleValue":"","children":[{"name":"values (list)","type":"LIST","sampleValue":"","children":[{"name":"pulseoximetry","type":"NUMBER","sampleValue":"94","children":[]},{"name":"date","type":"TEXT","sampleValue":"2024-03-29T07:53:16.697+02:00","children":[]}],"parentObjectName":"data"}]},{"name":"unit","type":"TEXT","sampleValue":"%","children":[]}],"groupTag":"","sampleResponse":{"data":{"values":[{"pulseoximetry":94,"date":"2024-03-29T07:53:16.697+02:00"}]},"unit":"%"}},{"name":"Get Temperature data","requestMethod":"GET","headers":[],"parameters":[],"id":"789a20e9-a4b9-437c-8b31-9f25b85b12b2","pathParameters":[{"name":"{ehrId}","value":"%ehrId%","testValue":"2fa153b9-ade7-4514-9b20-b3fdea694c01"}],"pathParams":{"{ehrId}":"%ehrId%"},"customValueSet":null,"url":"{ehrId}/Kcase.View.Widget.Score.Temperature","responseType":"json","bodyType":"JSON","response":[{"name":"data","type":"OBJECT","sampleValue":"","children":[{"name":"values (list)","type":"LIST","sampleValue":"","children":[{"name":"temperature","type":"NUMBER","sampleValue":"36","children":[]},{"name":"date","type":"TEXT","sampleValue":"2024-03-29T07:53:16.697+02:00","children":[]}],"parentObjectName":"data"}]},{"name":"unit","type":"TEXT","sampleValue":"Cel","children":[]}],"groupTag":"","sampleResponse":{"data":{"values":[{"temperature":36,"date":"2024-03-29T07:53:16.697+02:00"}]},"unit":"Cel"}},{"name":"Get Height data","requestMethod":"GET","headers":[],"parameters":[],"id":"7e568a5d-d18b-4a2f-a01d-eb8314057977","pathParameters":[{"name":"{ehrId}","value":"%ehrId%","testValue":"2311b437-63d0-4669-b106-e4bc444765a2","required":null}],"pathParams":{"{ehrId}":"%ehrId%"},"customValueSet":null,"url":"{ehrId}/Kcase.View.Widget.Score.Height","responseType":"json","bodyType":"JSON","response":[{"name":"data","type":"OBJECT","sampleValue":"","children":[{"name":"values (list)","type":"LIST","sampleValue":"","children":[{"name":"height","type":"NUMBER","sampleValue":"142","children":[]},{"name":"date","type":"TEXT","sampleValue":"2024-08-30T11:42:00Z","children":[]}],"parentObjectName":"data"}]},{"name":"unit","type":"TEXT","sampleValue":"cm","children":[]}],"groupTag":"","sampleResponse":{"data":{"values":[{"height":142,"date":"2024-08-30T11:42:00Z"},{"height":140,"date":"2024-08-30T11:35:00Z"}]},"unit":"cm"}},{"name":"Get Weight data","requestMethod":"GET","headers":[],"parameters":[],"id":"9c6ca8f2-ed88-4275-94df-169c0a113bd2","pathParameters":[{"name":"{ehrId}","value":"%ehrId%","testValue":"2fa153b9-ade7-4514-9b20-b3fdea694c01","required":null}],"pathParams":{"{ehrId}":"%ehrId%"},"customValueSet":null,"url":"{ehrId}/Kcase.View.Widget.Score.Weight","responseType":"json","bodyType":"JSON","response":[{"name":"data","type":"OBJECT","sampleValue":"","children":[{"name":"values (list)","type":"LIST","sampleValue":"","children":[{"name":"weight","type":"NUMBER","sampleValue":"50","children":[]},{"name":"date","type":"TEXT","sampleValue":"2024-04-01T10:31:14.572+03:00","children":[]}],"parentObjectName":"data"}]},{"name":"unit","type":"TEXT","sampleValue":"kg","children":[]}],"groupTag":"","sampleResponse":{"data":{"values":[{"weight":50,"date":"2024-04-01T10:31:14.572+03:00"}]},"unit":"kg"}},{"name":"Get BMI data","requestMethod":"GET","headers":[],"parameters":[],"id":"7a7180bd-e441-440b-853b-5266c7ae8992","pathParameters":[{"name":"{ehrId}","value":"%ehrId%","testValue":"2fa153b9-ade7-4514-9b20-b3fdea694c01"}],"pathParams":{"{ehrId}":"%ehrId%"},"customValueSet":null,"url":"{ehrId}/Kcase.View.Widget.Score.BMI","responseType":"json","bodyType":"JSON","response":[{"name":"data","type":"OBJECT","sampleValue":"","children":[{"name":"values (list)","type":"LIST","sampleValue":"","children":[{"name":"bmi","type":"NUMBER","sampleValue":"22.2","children":[]},{"name":"date","type":"TEXT","sampleValue":"2024-04-01T10:31:14.572+03:00","children":[]}],"parentObjectName":"data"}]},{"name":"unit","type":"TEXT","sampleValue":"kg/m2","children":[]}],"groupTag":"","sampleResponse":{"data":{"values":[{"bmi":22.2,"date":"2024-04-01T10:31:14.572+03:00"}]},"unit":"kg/m2"}},{"name":"Get Chart PulseOximetry","requestMethod":"GET","headers":[],"parameters":[],"id":"0e289fde-3e92-440e-b7c4-1b9ada51b5eb","pathParameters":[{"name":"{ehrId}","value":"%ehrId%","testValue":"2fa153b9-ade7-4514-9b20-b3fdea694c01"}],"pathParams":{"{ehrId}":"%ehrId%"},"customValueSet":null,"url":"{ehrId}/Kcase.View.Widget.Chart.PulseOximetry","responseType":"json","bodyType":"JSON","response":[{"name":"value (list)","type":"LIST","sampleValue":"","children":[{"name":"name","type":"TEXT","sampleValue":"PulseOximetry","children":[]},{"name":"unit","type":"TEXT","sampleValue":"%","children":[]},{"name":"scale_value_min","type":"NUMBER","sampleValue":"93","children":[]},{"name":"scale_value_max","type":"NUMBER","sampleValue":"100","children":[]},{"name":"data","type":"OBJECT","sampleValue":"","children":[{"name":"values (list)","type":"LIST","sampleValue":"","children":[{"name":"pulseoximetry","type":"NUMBER","sampleValue":"94","children":[]},{"name":"date","type":"TEXT","sampleValue":"2024-03-29T07:53:16.697+02:00","children":[]}],"parentObjectName":"data"}]}]}],"groupTag":"","sampleResponse":[{"name":"PulseOximetry","unit":"%","scale_value_min":93,"scale_value_max":100,"data":{"values":[{"pulseoximetry":94,"date":"2024-03-29T07:53:16.697+02:00"}]}}]},{"name":"Get Vital Sign data","requestMethod":"GET","headers":[],"parameters":[],"id":"61a1b3c5-6846-409f-b453-adb6cccbbf86","pathParameters":[{"name":"{ehrId}","value":"%ehrId%","testValue":"2fa153b9-ade7-4514-9b20-b3fdea694c01"}],"pathParams":{"{ehrId}":"%ehrId%"},"customValueSet":null,"url":"{ehrId}/Karolinska_View_VitalSigns","responseType":"json","bodyType":"JSON","response":[{"name":"value (list)","type":"LIST","sampleValue":"","children":[{"name":"Uid","type":"TEXT","sampleValue":"9a617452-ac7e-4db4-9747-35be01c7f674::default::1","children":[]},{"name":"DateTime","type":"TEXT","sampleValue":"2024-06-03T07:05:03.660001Z","children":[]},{"name":"CareUnitId","type":"TEXT","sampleValue":"SE5560527466-1007","children":[]},{"name":"CareUnitName","type":"TEXT","sampleValue":"Hälsocentralen Södertorget","children":[]},{"name":"CareProviderId","type":"TEXT","sampleValue":"SE5560527466-1002","children":[]},{"name":"CareProviderName","type":"TEXT","sampleValue":"Region Söderbotten","children":[]},{"name":"CreatorId","type":"TEXT","sampleValue":"e777f46f-4043-45cd-a733-eb8dea65f584","children":[]},{"name":"CreatorName","type":"TEXT","sampleValue":"Salim Tamboli","children":[]},{"name":"Systolic","type":"NUMBER","sampleValue":"123","children":[]},{"name":"SystolicUnit","type":"TEXT","sampleValue":"mm[Hg]","children":[]},{"name":"Diastolic","type":"NUMBER","sampleValue":"55","children":[]},{"name":"DiastolicUnit","type":"TEXT","sampleValue":"mm[Hg]","children":[]},{"name":"BloodPressureComment","type":"TEXT","sampleValue":"dsf","children":[]},{"name":"Temperature","type":"NUMBER","sampleValue":"33","children":[]},{"name":"TemperatureUnit","type":"TEXT","sampleValue":"Cel","children":[]},{"name":"TemperatureComment","type":"TEXT","sampleValue":"asfa","children":[]}]}],"groupTag":"","sampleResponse":[{"Uid":"9a617452-ac7e-4db4-9747-35be01c7f674::default::1","DateTime":"2024-06-03T07:05:03.660001Z","CareUnitId":"SE5560527466-1007","CareUnitName":"Hälsocentralen Södertorget","CareProviderId":"SE5560527466-1002","CareProviderName":"Region Söderbotten","CreatorId":"e777f46f-4043-45cd-a733-eb8dea65f584","CreatorName":"Salim Tamboli","Systolic":123,"SystolicUnit":"mm[Hg]","Diastolic":55,"DiastolicUnit":"mm[Hg]","BloodPressureComment":"dsf","Temperature":33,"TemperatureUnit":"Cel","TemperatureComment":"asfa"},{"Uid":"7aee5cd0-6b6a-4a5c-af89-6c8ffdfa4578::default::1","DateTime":"2024-06-03T05:56:04.72354Z","CareUnitId":"SE5560527466-1007","CareUnitName":"Hälsocentralen Södertorget","CareProviderId":"SE5560527466-1002","CareProviderName":"Region Söderbotten","CreatorId":"e777f46f-4043-45cd-a733-eb8dea65f584","CreatorName":"Salim Tamboli","Systolic":123,"SystolicUnit":"mm[Hg]","Diastolic":66,"DiastolicUnit":"mm[Hg]","BloodPressureComment":"asfd","Temperature":33,"TemperatureUnit":"Cel","TemperatureComment":"adsf"},{"Uid":"679f0585-0872-4999-a7db-caf8150a5fe1::default::1","DateTime":"2024-05-31T11:16:19.629711Z","CareUnitId":null,"CareUnitName":null,"CareProviderId":null,"CareProviderName":null,"CreatorId":null,"CreatorName":null,"Systolic":123,"SystolicUnit":"mm[Hg]","Diastolic":44,"DiastolicUnit":"mm[Hg]","BloodPressureComment":"test1","Temperature":33,"TemperatureUnit":"Cel","TemperatureComment":"test2"}]},{"name":"Get New Vital Sign data","requestMethod":"GET","headers":[],"parameters":[],"id":"93a92d8c-5ff2-4762-a088-834827216c95","pathParameters":[{"name":"{ehrId}","value":"%ehrId%","testValue":"85be4f96-285e-4e92-9810-2e3b8bd8c7b2"}],"pathParams":{"{ehrId}":"%ehrId%"},"customValueSet":null,"url":"{ehrId}/Karolinska.View.VitalSigns","responseType":"json","bodyType":"JSON","response":[{"name":"compositionData (list)","type":"LIST","sampleValue":"","children":[{"name":"CompositionId","type":"TEXT","sampleValue":"3d20d3ed-0da2-458e-ab84-28b204eae463::default::1","children":[]},{"name":"DateTime","type":"TEXT","sampleValue":"2024-06-03T06:57:29.169252Z","children":[]},{"name":"CareUnitId","type":"TEXT","sampleValue":"SE5560527466-1003","children":[]},{"name":"CareUnitName","type":"TEXT","sampleValue":"Kirurgsjukhuset Södra","children":[]},{"name":"CareProviderId","type":"TEXT","sampleValue":"SE5560527466-1002","children":[]},{"name":"CareProviderName","type":"TEXT","sampleValue":"Region Söderbotten","children":[]},{"name":"CreatorId","type":"TEXT","sampleValue":"SE5560527466-1U37","children":[]},{"name":"CreatorName","type":"TEXT","sampleValue":"Lovisa Söderström","children":[]},{"name":"ArchetypeData (list)","type":"LIST","sampleValue":"","children":[{"name":"ArchetypeName","type":"TEXT","sampleValue":"Blood pressure","children":[]},{"name":"Systolic","type":"TEXT","sampleValue":"101 mm[Hg]","children":[]},{"name":"Diastolic","type":"TEXT","sampleValue":"81 mm[Hg]","children":[]},{"name":"Comment","type":"TEXT","sampleValue":"Comment 7","children":[]}]}]}],"groupTag":"","sampleResponse":{"compositionData":[{"CompositionId":"3d20d3ed-0da2-458e-ab84-28b204eae463::default::1","DateTime":"2024-06-03T06:57:29.169252Z","CareUnitId":"SE5560527466-1003","CareUnitName":"Kirurgsjukhuset Södra","CareProviderId":"SE5560527466-1002","CareProviderName":"Region Söderbotten","CreatorId":"SE5560527466-1U37","CreatorName":"Lovisa Söderström","ArchetypeData":[{"ArchetypeName":"Blood pressure","Systolic":"101 mm[Hg]","Diastolic":"81 mm[Hg]","Comment":"Comment 7"},{"ArchetypeName":"Body temperature","Temperature":"66.5 Cel","Comment":"Comment 66"}]},{"CompositionId":"9fde1052-1c7a-4097-829d-34b42bebb6c3::default::1","DateTime":"2024-05-30T10:29:24.578824Z","CareUnitId":"SE5560527466-100J","CareUnitName":"Privatus Hälsocentral","CareProviderId":"SE5560527466-100H","CareProviderName":"Privatus vård AB","CreatorId":"SE5560527466-1U37","CreatorName":"Lovisa Söderström","ArchetypeData":[{"ArchetypeName":"Blood pressure","Systolic":"92 mm[Hg]","Diastolic":"92 mm[Hg]","Comment":"Comment 7"},{"ArchetypeName":"Body temperature","Temperature":"34 Cel","Comment":"rule testing"}]},{"CompositionId":"63ed6928-eb33-4308-a866-bb838d591802::default::1","DateTime":"2024-05-30T10:05:53.682189Z","CareUnitId":"SE5560527466-100J","CareUnitName":"Privatus Hälsocentral","CareProviderId":"SE5560527466-100H","CareProviderName":"Privatus vård AB","CreatorId":"SE5560527466-1U37","CreatorName":"Lovisa Söderström","ArchetypeData":[{"ArchetypeName":"Blood pressure","Systolic":"92 mm[Hg]","Diastolic":"92 mm[Hg]","Comment":"Comment 7"},{"ArchetypeName":"Body temperature","Temperature":"34 Cel","Comment":"rule testing"}]}]}},{"name":"Get Diagnosis Data","requestMethod":"GET","headers":[],"parameters":[],"id":"75c22431-3856-4e98-9692-af58ab4e6084","pathParameters":[{"name":"{ehrId}","value":"%ehrId%","testValue":"2fa153b9-ade7-4514-9b20-b3fdea694c01"}],"pathParams":{"{ehrId}":"%ehrId%"},"customValueSet":null,"url":"{ehrId}/Karolinska.View.Integration.Diagnosis","responseType":"json","bodyType":"JSON","response":[{"name":"compositionData (list)","type":"LIST","sampleValue":"","children":[{"name":"CompositionId","type":"TEXT","sampleValue":"4a6f935e-a2b8-4f61-86df-799ea93d5eb7::default::1","children":[]},{"name":"DateTime","type":"TEXT","sampleValue":"2024-06-09T05:21:41.049826Z","children":[]},{"name":"CareUnitId","type":"TEXT","sampleValue":"SE2321000040-4JK0","children":[]},{"name":"CareUnitName","type":"TEXT","sampleValue":"Hälsocentralen Södertorget","children":[]},{"name":"CareProviderId","type":"TEXT","sampleValue":"SE5560527466-1002","children":[]},{"name":"CareProviderName","type":"TEXT","sampleValue":"Region Söderbotten","children":[]},{"name":"CreatorId","type":"TEXT","sampleValue":"salim.r.tamboli@tietoevry.com","children":[]},{"name":"CreatorName","type":"TEXT","sampleValue":"Salim R Tamboli","children":[]},{"name":"ArchetypeData (list)","type":"LIST","sampleValue":"","children":[{"name":"ArchetypeName","type":"TEXT","sampleValue":"Diagnosis","children":[]},{"name":"Peristence","type":"TEXT","sampleValue":"Temporär","children":[]},{"name":"Diagnosis","type":"TEXT","sampleValue":"A00 - Kolera","children":[]},{"name":"Type","type":"TEXT","sampleValue":"Bidiagnos eller biåtgärd","children":[]},{"name":"Certainty","type":"TEXT","sampleValue":"Misstänkt","children":[]},{"name":"ReasonforTermination","type":"OBJECT","sampleValue":"","children":[]},{"name":"ClinicallyRecognisedDateTime","type":"TEXT","sampleValue":"2024-06-06T00:00:00+05:30","children":[]},{"name":"ResolutionDateTime","type":"TEXT","sampleValue":"2024-06-08T00:00:00+05:30","children":[]},{"name":"Comment","type":"TEXT","sampleValue":"Test1","children":[]}]}]}],"groupTag":"","sampleResponse":{"compositionData":[{"CompositionId":"4a6f935e-a2b8-4f61-86df-799ea93d5eb7::default::1","DateTime":"2024-06-09T05:21:41.049826Z","CareUnitId":"SE2321000040-4JK0","CareUnitName":"Hälsocentralen Södertorget","CareProviderId":"SE5560527466-1002","CareProviderName":"Region Söderbotten","CreatorId":"salim.r.tamboli@tietoevry.com","CreatorName":"Salim R Tamboli","ArchetypeData":[{"ArchetypeName":"Diagnosis","Peristence":"Temporär","Diagnosis":"A00 - Kolera","Type":"Bidiagnos eller biåtgärd","Certainty":"Misstänkt","ReasonforTermination":null,"ClinicallyRecognisedDateTime":"2024-06-06T00:00:00+05:30","ResolutionDateTime":"2024-06-08T00:00:00+05:30","Comment":"Test1"}]}]}},{"name":"Get RSK BMI Data","requestMethod":"GET","headers":[],"parameters":[],"id":"24712be0-a4c0-4fcf-ba8f-29aa0cc4a84d","groupTag":"","pathParameters":[{"name":"{ehrId}","value":"ehrId","testValue":"cc1837d1-5944-431e-92dc-7ff5829104d4","required":null}],"pathParams":{"{ehrId}":"ehrId"},"customValueSet":null,"url":"{ehrId}/RSK_View_BMI_Data","responseType":"json","bodyType":"JSON","response":[{"name":"data (list)","type":"LIST","sampleValue":"","children":[{"name":"Weight","type":"NUMBER","sampleValue":"78","children":[]},{"name":"WeightUnit","type":"TEXT","sampleValue":"kg","children":[]},{"name":"DateTime","type":"TEXT","sampleValue":"2024-11-08T11:29:00.475878222Z","children":[]},{"name":"Height","type":"NUMBER","sampleValue":"186","children":[]},{"name":"HeightUnit","type":"TEXT","sampleValue":"cm","children":[]},{"name":"BMI","type":"NUMBER","sampleValue":"22.55","children":[]}]},{"name":"WeightUnit","type":"TEXT","sampleValue":"kg","children":[]},{"name":"HeightUnit","type":"TEXT","sampleValue":"cm","children":[]}],"postProcessorCode":"\"/* Example:\\nlet result = processor.responseData[0].data;\\n\\n// when you are done with the post-request, call processor.done(result) to finish the request\\n*/\\n\\napi.setVariableValue('BMIData', processor.responseData?.data);\\n// api.setVariableValue('WeightUnit', processor.responseData?.WeightUnit);\\nconsole.log(api.getVariable('BMIData').value);\\nprocessor.done(processor.responseData);\\n\"","sampleResponse":{"data":[{"Weight":78,"WeightUnit":"kg","DateTime":"2024-11-08T11:29:00.475878222Z","Height":186,"HeightUnit":"cm","BMI":"22.55"},{"Weight":72,"WeightUnit":"kg","DateTime":"2024-11-08T11:29:09.765472792Z","Height":165,"HeightUnit":"cm","BMI":"26.45"},{"Weight":75,"WeightUnit":"kg","DateTime":"2024-11-08T11:29:10.153879246Z","Height":165,"HeightUnit":"cm","BMI":27.55}],"WeightUnit":"kg","HeightUnit":"cm"}},{"name":"Get RSK Weight Data","requestMethod":"GET","headers":[],"parameters":[],"id":"c8ea7290-f2fc-4fb4-b5fc-08fec796cb5c","groupTag":"","pathParameters":[{"name":"{ehrId}","value":"ehrId","testValue":"2311b437-63d0-4669-b106-e4bc444765a2","required":null}],"pathParams":{"{ehrId}":"ehrId"},"customValueSet":null,"url":"{ehrId}/RSK.View.Widget.Score.Weight","responseType":"json","bodyType":"JSON","response":[{"name":"data","type":"OBJECT","sampleValue":"","children":[{"name":"values (list)","type":"LIST","sampleValue":"","children":[{"name":"weight","type":"NUMBER","sampleValue":"34","children":[]},{"name":"date","type":"TEXT","sampleValue":"2024-10-25T13:33:42.458753619Z","children":[]}],"parentObjectName":"data"}]},{"name":"unit","type":"TEXT","sampleValue":"kg","children":[]}],"sampleResponse":{"data":{"values":[{"weight":34,"date":"2024-10-25T13:33:42.458753619Z"},{"weight":30,"date":"2024-10-25T13:33:42.873602743Z"}]},"unit":"kg"}},{"name":"Get RSK Height Data","requestMethod":"GET","headers":[],"parameters":[],"id":"83191b0f-d2ae-4e83-b17e-8d922438504b","groupTag":"","pathParameters":[{"name":"{ehrId}","value":"","testValue":"648db41c-9008-439c-9e04-f7c94df1df9f","required":null}],"pathParams":{"{ehrId}":""},"customValueSet":null,"url":"{ehrId}/RSK.View.Widget.Score.Height","responseType":"json","bodyType":"JSON","response":[{"name":"data","type":"OBJECT","sampleValue":"","children":[{"name":"values (list)","type":"LIST","children":[],"parentObjectName":"data"}]},{"name":"unit","type":"OBJECT","sampleValue":"","children":[]}],"sampleResponse":{"data":{"values":[]},"unit":null}},{"name":"Get IIEF-5 Total score","requestMethod":"GET","headers":[],"parameters":[],"id":"00e97272-ae78-420d-a6d8-6ed87085b6fb","groupTag":"","pathParameters":[{"name":"{ehrId}","value":"%ehrId%","testValue":"b0ebd1fb-0b18-4598-91a3-36e6867f78c7","required":null}],"pathParams":{"{ehrId}":"%ehrId%"},"customValueSet":null,"url":"{ehrId}/KARO.IIEF.js","responseType":"json","bodyType":"JSON","response":[{"name":"data","type":"OBJECT","sampleValue":"","children":[{"name":"values (list)","type":"LIST","sampleValue":"","children":[{"name":"iiefScore","type":"NUMBER","sampleValue":"17","children":[]},{"name":"date","type":"TEXT","sampleValue":"2024-11-05T08:18:47.168924592Z","children":[]}],"parentObjectName":"data"}]}],"sampleResponse":{"data":{"values":[{"iiefScore":17,"date":"2024-11-05T08:18:47.168924592Z"},{"iiefScore":18,"date":"2024-11-01T11:51:30.580978153Z"}]}}},{"name":"Get IIEF-5 Total score_1","requestMethod":"GET","headers":[],"parameters":[],"id":"d33e0d1c-f8bb-422b-b939-1dd7fd4997bb","groupTag":"","pathParameters":[{"name":"{ehrId}","value":"%ehrId%","testValue":"b0ebd1fb-0b18-4598-91a3-36e6867f78c7","required":null}],"pathParams":{"{ehrId}":"%ehrId%"},"customValueSet":null,"url":"{ehrId}/KARO.IIEF.js","responseType":"json","bodyType":"JSON","response":[{"name":"data","type":"OBJECT","sampleValue":"","children":[{"name":"values (list)","type":"LIST","sampleValue":"","children":[{"name":"iiefScore","type":"NUMBER","sampleValue":"17","children":[]},{"name":"date","type":"TEXT","sampleValue":"2024-11-05T08:18:47.168924592Z","children":[]}],"parentObjectName":"data"}]}],"sampleResponse":{"data":{"values":[{"iiefScore":17,"date":"2024-11-05T08:18:47.168924592Z"},{"iiefScore":18,"date":"2024-11-01T11:51:30.580978153Z"}]}}},{"name":"Get PSA Value","requestMethod":"GET","headers":[],"parameters":[],"id":"5d5d4aa0-101e-4b2e-9fcd-8058e540b4a6","groupTag":"","pathParameters":[{"name":"{ehrId}","value":"%ehrId%","testValue":"98ab0872-469c-42aa-9e01-7b7e423ca7dc","required":null}],"pathParams":{"{ehrId}":"%ehrId%"},"customValueSet":null,"url":"{ehrId}/Karolinska.View.Widget.Score.PSA2.js","responseType":"json","bodyType":"JSON","response":[{"name":"compositions (list)","type":"LIST","sampleValue":"","children":[{"name":"PSAvalue","type":"OBJECT","sampleValue":"","children":[{"name":"@class","type":"TEXT","sampleValue":"DV_QUANTITY","children":[],"parentObjectName":"PSAvalue"},{"name":"magnitude","type":"NUMBER","sampleValue":"14","children":[],"parentObjectName":"PSAvalue"},{"name":"units","type":"TEXT","sampleValue":"µg/L","children":[],"parentObjectName":"PSAvalue"}]},{"name":"name","type":"OBJECT","sampleValue":"","children":[{"name":"@class","type":"TEXT","sampleValue":"DV_TEXT","children":[],"parentObjectName":"name"},{"name":"value","type":"TEXT","sampleValue":"PSA","children":[],"parentObjectName":"name"}]}]}],"sampleResponse":{"compositions":[{"PSAvalue":{"@class":"DV_QUANTITY","magnitude":14,"units":"µg/L"},"name":{"@class":"DV_TEXT","value":"PSA"}},{"PSAvalue":{"@class":"DV_QUANTITY","magnitude":15,"units":"µg/L"},"name":{"@class":"DV_TEXT","value":"PSA"}}]}},{"name":"Get Weight_Height_BMI Data","requestMethod":"GET","headers":[],"parameters":[],"id":"4235a0de-234b-4063-a0f3-25ce65c237f7","groupTag":"","pathParameters":[{"name":"{ehrId}","value":"%ehrId%","testValue":"cc1837d1-5944-431e-92dc-7ff5829104d4","required":null}],"pathParams":{"{ehrId}":"%ehrId%"},"customValueSet":null,"url":"{ehrId}/RSK_View_Weight_Height_BMI","responseType":"json","bodyType":"JSON","response":[{"name":"values (list)","type":"LIST","sampleValue":"","children":[{"name":"Weight","type":"NUMBER","sampleValue":"19","children":[]},{"name":"DateTime","type":"TEXT","sampleValue":"2019-07-25T14:17:00Z","children":[]},{"name":"Height","type":"NUMBER","sampleValue":"112","children":[]},{"name":"BMI","type":"NUMBER","sampleValue":"15.15","children":[]}]},{"name":"weightUnit","type":"TEXT","sampleValue":"kg","children":[]},{"name":"heightUnit","type":"TEXT","sampleValue":"cm","children":[]}],"sampleResponse":{"values":[{"Weight":19,"DateTime":"2019-07-25T14:17:00Z","Height":112,"BMI":"15.15"},{"Weight":22,"DateTime":"2020-10-15T11:43:00Z","Height":118,"BMI":"15.80"},{"Weight":24,"DateTime":"2021-10-21T15:41:00Z","Height":124,"BMI":"15.61"}],"weightUnit":"kg","heightUnit":"cm"}},{"name":"Get RSK Weights Data","requestMethod":"GET","headers":[],"parameters":[],"id":"af5ef172-bd6e-49f8-b533-2aaff62bbe52","groupTag":"","pathParameters":[{"name":"{ehrId}","value":"%ehrId%","testValue":"ad4be547-9772-4a4f-8db0-268f56becacc","required":null}],"pathParams":{"{ehrId}":"%ehrId%"},"customValueSet":null,"url":"{ehrId}/RSK.View.Widget.Line.Chart.Weight","responseType":"json","bodyType":"JSON","response":[{"name":"ConfigData","type":"OBJECT","sampleValue":"","children":[{"name":"Chart_minimum_range","type":"NUMBER","sampleValue":"0","children":[],"parentObjectName":"ConfigData"},{"name":"Chart_maximum_range","type":"NUMBER","sampleValue":"91","children":[],"parentObjectName":"ConfigData"},{"name":"Number_of_Y_Lines","type":"NUMBER","sampleValue":"10","children":[],"parentObjectName":"ConfigData"},{"name":"No_Data_Text","type":"TEXT","sampleValue":"No data available to view","children":[],"parentObjectName":"ConfigData"},{"name":"Chart_height","type":"NUMBER","sampleValue":"250","children":[],"parentObjectName":"ConfigData"}]},{"name":"ArchetypeData","type":"OBJECT","sampleValue":"","children":[{"name":"Line_Name","type":"TEXT","sampleValue":"Vikt","children":[],"parentObjectName":"ArchetypeData"},{"name":"Line_Unit","type":"TEXT","sampleValue":"kg","children":[],"parentObjectName":"ArchetypeData"},{"name":"Line_Color","type":"TEXT","sampleValue":"Orange","children":[],"parentObjectName":"ArchetypeData"},{"name":"ValueList (list)","type":"LIST","sampleValue":"","children":[{"name":"Vikt","type":"NUMBER","sampleValue":"17","children":[]},{"name":"DateTime","type":"TEXT","sampleValue":"2019-06-30T11:35:00Z","children":[]}],"parentObjectName":"ArchetypeData"}]}],"postProcessorCode":"\"let result = processor.responseData;\\nvar isArchetypeData = api.getVariable('isArchetypeData');\\nif(result && result.ArchetypeData && isArchetypeData) {\\n    var archetypeDataLength = Object.keys(result.ArchetypeData).length;\\n    if(archetypeDataLength == 0){\\n        api.setVariableValue('isArchetypeData', false);\\n    } else {\\n        api.setVariableValue('isArchetypeData', true);\\n    }\\n}\\nprocessor.done(result);\"","sampleResponse":{"ConfigData":{"Chart_minimum_range":0,"Chart_maximum_range":91,"Number_of_Y_Lines":10,"No_Data_Text":"No data available to view","Chart_height":250},"ArchetypeData":{"Line_Name":"Vikt","Line_Unit":"kg","Line_Color":"Orange","ValueList":[{"Vikt":17,"DateTime":"2019-06-30T11:35:00Z"},{"Vikt":17,"DateTime":"2019-06-30T11:35:00Z"},{"Vikt":17,"DateTime":"2019-06-30T11:35:00Z"}]}}},{"name":"Get RSK Weight & Height Data","requestMethod":"GET","headers":[],"parameters":[],"id":"2b3b8eed-1285-4f86-bb4b-2d34007f49ad","groupTag":"","pathParameters":[{"name":"{ehrId}","value":"%ehrId%","testValue":"baeb8407-12db-4aa4-8088-0e5ec1475ead","required":null}],"pathParams":{"{ehrId}":"%ehrId%"},"customValueSet":null,"url":"{ehrId}/RSK.View.Widget.Line.Chart.Height.Weight","responseType":"json","bodyType":"JSON","response":[{"name":"Weights (list)","type":"LIST","sampleValue":"","children":[{"name":"key","type":"NUMBER","sampleValue":"75","children":[]},{"name":"DateTime","type":"TEXT","sampleValue":"2024-11-06T15:46:00Z","children":[]}]},{"name":"Heights (list)","type":"LIST","sampleValue":"","children":[{"name":"key","type":"NUMBER","sampleValue":"183","children":[]},{"name":"DateTime","type":"TEXT","sampleValue":"2024-10-23T05:00:00Z","children":[]}]},{"name":"WeightUnit","type":"TEXT","sampleValue":"kg","children":[]},{"name":"HeightUnit","type":"TEXT","sampleValue":"cm","children":[]},{"name":"WeightConfig","type":"OBJECT","sampleValue":"","children":[{"name":"Chart_minimum_range","type":"NUMBER","sampleValue":"0","children":[],"parentObjectName":"WeightConfig"},{"name":"Chart_maximum_range","type":"NUMBER","sampleValue":"0","children":[],"parentObjectName":"WeightConfig"},{"name":"Number_of_Y_Lines","type":"NUMBER","sampleValue":"10","children":[],"parentObjectName":"WeightConfig"},{"name":"No_Data_Text","type":"TEXT","sampleValue":"No data available to view","children":[],"parentObjectName":"WeightConfig"},{"name":"Chart_height","type":"NUMBER","sampleValue":"250","children":[],"parentObjectName":"WeightConfig"}]},{"name":"HeightConfig","type":"OBJECT","sampleValue":"","children":[{"name":"Chart_minimum_range","type":"NUMBER","sampleValue":"0","children":[],"parentObjectName":"HeightConfig"},{"name":"Chart_maximum_range","type":"NUMBER","sampleValue":"0","children":[],"parentObjectName":"HeightConfig"},{"name":"Number_of_Y_Lines","type":"NUMBER","sampleValue":"10","children":[],"parentObjectName":"HeightConfig"},{"name":"No_Data_Text","type":"TEXT","sampleValue":"No data available to view","children":[],"parentObjectName":"HeightConfig"},{"name":"Chart_height","type":"NUMBER","sampleValue":"250","children":[],"parentObjectName":"HeightConfig"}]}],"sampleResponse":{"Weights":[{"key":75,"DateTime":"2024-11-06T15:46:00Z"},{"key":71,"DateTime":"2024-10-23T05:00:00Z"},{"key":72,"DateTime":"2024-09-27T11:04:00Z"}],"Heights":[{"key":183,"DateTime":"2024-10-23T05:00:00Z"},{"key":165,"DateTime":"2024-09-27T11:04:00Z"},{"key":165,"DateTime":"2024-09-18T08:39:00Z"}],"WeightUnit":"kg","HeightUnit":"cm","WeightConfig":{"Chart_minimum_range":0,"Chart_maximum_range":0,"Number_of_Y_Lines":10,"No_Data_Text":"No data available to view","Chart_height":250},"HeightConfig":{"Chart_minimum_range":0,"Chart_maximum_range":0,"Number_of_Y_Lines":10,"No_Data_Text":"No data available to view","Chart_height":250}}}],"type":"GLOBAL"}