{"name":"Karolinska_View_VitalSigns","description":"Karolinska_View_VitalSigns","steps":[{"processorData":"SELECT c/uid/value as Uid,\r\n       c/context/start_time/value AS DateTime,\r\n       c/context/other_context[at0001]/items[openEHR-EHR-CLUSTER.organisation.v1,'Care unit']/items[at0003]/value/id AS CareUnitId,\r\n       c/context/other_context[at0001]/items[openEHR-EHR-CLUSTER.organisation.v1,'Care unit']/items[at0001]/value/value AS CareUnitName,\r\n       c/context/other_context[at0001]/items[openEHR-EHR-CLUSTER.organisation.v1,'Care unit']/items[openEHR-EHR-CLUSTER.organisation.v1,'Care provider']/items[at0003]/value/id AS CareProviderId,\r\n       c/context/other_context[at0001]/items[openEHR-EHR-CLUSTER.organisation.v1,'Care unit']/items[openEHR-EHR-CLUSTER.organisation.v1,'Care provider']/items[at0001]/value/value AS CareProviderName,\r\n       c/context/other_context[at0001]/items[openEHR-EHR-CLUSTER.author.v0]/items[at0001]/value/value AS CreatorId,\r\n       c/context/other_context[at0001]/items[openEHR-EHR-CLUSTER.author.v0]/items[at0005]/value/value AS CreatorName,\r\n       a/data[at0001]/events[at0006]/data[at0003]/items[at0004]/value/magnitude AS Systolic,\r\n       a/data[at0001]/events[at0006]/data[at0003]/items[at0004]/value/units AS SystolicUnit,\r\n       a/data[at0001]/events[at0006]/data[at0003]/items[at0005]/value/magnitude AS Diastolic,\r\n       a/data[at0001]/events[at0006]/data[at0003]/items[at0005]/value/units as DiastolicUnit,\r\n       a/data[at0001]/events[at0006]/data[at0003]/items[at0033]/value/value as BloodPressureComment,\r\n       y/data[at0002]/events[at0003]/data[at0001]/items[at0004]/value/magnitude AS Temperature,\r\n       y/data[at0002]/events[at0003]/data[at0001]/items[at0004]/value/units AS TemperatureUnit,\r\n       y/data[at0002]/events[at0003]/data[at0001]/items[at0063]/value/value AS TemperatureComment\r\nFROM EHR[ehr_id/value = :ehrId]\r\ncontains COMPOSITION c\r\nCONTAINS (OBSERVATION a[openEHR-EHR-OBSERVATION.blood_pressure.v2] \r\nand OBSERVATION y[openEHR-EHR-OBSERVATION.body_temperature.v2]) \r\n-- where state/items[at0001]/value/value=3 \r\n-- and c/archetype_details/template_id/value = \"dynamic_structure_composition\"\r\nORDER BY c/context/start_time/value DESC\r\nFETCH 10","processorName":"jsonAql"}],"metaData":"{\"parameters\":[{\"name\":\"ehrId\",\"type\":\"string\",\"format\":\"\",\"description\":\"ehr id\"}]}"}