{"name":"RSK_View_BMI_Data","description":"RSK_View_BMI_Data","steps":[{"processorData":"function compute(ctx, src) {\r\n    var promises = {\r\n        data: Ehr.query({\r\n                aql: `SELECT a/data[at0002]/events[at0003]/data[at0001]/items[at0004]/value/magnitude AS Weight,\r\n                            a/data[at0002]/events[at0003]/data[at0001]/items[at0004]/value/units AS WeightUnit,\r\n                            a/data[at0002]/events[at0003]/time/value AS DateTime,\r\n                            f/data[at0001]/events[at0002]/data[at0003]/items[at0004]/value/magnitude AS Height,\r\n                            f/data[at0001]/events[at0002]/data[at0003]/items[at0004]/value/units AS HeightUnit,\r\n                            l/data[at0001]/events[at0002]/data[at0003]/items[at0004]/value/magnitude AS BMI\r\n                        FROM EHR e\r\n                        CONTAINS COMPOSITION c[openEHR-EHR-COMPOSITION.encounter.v1] \r\n                        CONTAINS SECTION y[openEHR-EHR-SECTION.adhoc.v1]\r\n                        CONTAINS ((OBSERVATION a[openEHR-EHR-OBSERVATION.body_weight.v2] and OBSERVATION f[openEHR-EHR-OBSERVATION.height.v2]) or OBSERVATION l[openEHR-EHR-OBSERVATION.body_mass_index.v2]) \r\n                        WHERE e/ehr_id/value = :ehrId\r\n                        OFFSET 0 LIMIT 10000`,\r\n            params: ctx.vars,\r\n            initvalue: []\r\n        })\r\n    };\r\n\r\n    var result = {};\r\n    Ehr.allhash(promises, function (res) {\r\n        res['data'].forEach(x => {\r\n            if (!x.BMI) {\r\n                x.BMI = (Number(x['Weight']) / ((Number(x['Height']) / 100) * (Number(x['Height']) / 100))).toFixed(2);\r\n            } \r\n        });\r\n        result = {\r\n            data: res['data'],\r\n            WeightUnit: res['data'][0] ? res['data'][0].WeightUnit : '',\r\n            HeightUnit: res['data'][0] ? res['data'][0].HeightUnit : ''\r\n        };\r\n    });\r\n    return result;\r\n}","processorName":"js"}],"metaData":"{\"parameters\":[{\"name\":\"ehrId\",\"type\":\"string\",\"format\":\"\",\"description\":\"ehr id\"}]}"}