{"name":"RSK.View.Medication","category":null,"description":"RSK.View.Medication","metaData":"{\"parameters\":[{\"name\":\"ehrId\",\"description\":\"\",\"type\":\"string\"}]}","steps":[{"processorName":"jsonAql","processorData":"SELECT k/activities[at0001]/description[at0002]/items[at0070]/value/value AS MedicationName,\r\n       k/activities[at0001]/description[at0002]/items[at0070]/value/defining_code/code_string AS drugCode,\r\n       k/activities[at0001]/description[at0002]/items[at0070]/value/mappings/target/code_string AS ATCCode,\r\n       k/activities[at0001]/description[at0002]/items[at0070]/value/mappings/target/terminology_id/value AS Drug_mapping_terminology,\r\n       q/items[at0013]/value AS ATCName,\r\n       k/activities[at0001]/description[at0002]/items[at0113]/items[at0012]/value/value AS StartDate,\r\n       k/activities[at0001]/description[at0002]/items[at0113]/items[at0013]/value/value AS StopDate,\r\n       y/items[at0071]/value/value AS DoseForm,\r\n       k/activities[at0001]/description[at0002]/items[at0009]/value/value AS Instructions,\r\n       o/items[at0030]/value/value AS CareUnit,\r\n       o/items[at0013]/value/id AS SignedByUserId,\r\n       o/items[at0007]/value/value AS SignedDate,\r\n       y/items[at0152]/items[at0153]/value/magnitude AS Strength,\r\n       y/items[at0152]/items[at0153]/value/units AS StrengthUnit,\r\n       k/activities[at0001]/description[at0002]/items[at0091]/value/value As RouteText,\r\n       k/activities[at0001]/description[at0002]/items[openEHR-EHR-CLUSTER.medication_extension_rsk.v0]/items[at0003]/value/value AS DosageType,\r\n       k/activities[at0001]/description[at0002]/items[openEHR-EHR-CLUSTER.therapeutic_direction.v1]/items[openEHR-EHR-CLUSTER.frequency_schedule_tc.v1]/items[at0001]/value/magnitude AS ScheduleType,\r\n       k/activities[at0001]/description[at0002]/items[openEHR-EHR-CLUSTER.therapeutic_direction.v1]/items[openEHR-EHR-CLUSTER.frequency_schedule_tc.v1]/items[at0003]/value/magnitude AS Period,\r\n       k/activities[at0001]/description[at0002]/items[openEHR-EHR-CLUSTER.therapeutic_direction.v1]/items[openEHR-EHR-CLUSTER.dosage.v2,'Dosering']/items[at0178]/value/value AS DoseText,\r\n       k/activities[at0001]/description[at0002]/items[at0044]/value/value AS DoseInstructions\r\nFROM EHR e\r\nCONTAINS COMPOSITION c[openEHR-EHR-COMPOSITION.prescription.v0]\r\nCONTAINS (INSTRUCTION k[openEHR-EHR-INSTRUCTION.medication_order.v3]\r\nCONTAINS CLUSTER y[openEHR-EHR-CLUSTER.medication.v2]\r\nCONTAINS (CLUSTER q[openEHR-EHR-CLUSTER.drug_extension_rsk.v0]) and CLUSTER o[openEHR-EHR-CLUSTER.composition_metadata_tc.v1]) \r\nWHERE e/ehr_id/value = :ehrId\r\nand k/activities[at0001]/description[at0002]/items[at0070]/value/mappings/target/terminology_id/value = 'ATC'\r\nand c/archetype_details/template_id/value = 'RSK - Medication order'\r\norder by StartDate desc"}]}