{"name":"RSK.View.CaseNoteFilter","category":null,"description":"RSK.View.CaseNoteFilter","metaData":"{\r\n    \"parameters\": [\r\n    {\r\n        \"name\": \"ehrId\",\r\n        \"type\": \"string\",\r\n        \"format\": \"\",\r\n        \"description\": \"ehr id\"\r\n    }\r\n]\r\n}","steps":[{"processorName":"js","processorData":"function compute(ctx, src) {\r\n    var promises = {\r\n        caseNoteQuery: Ehr.query({\r\n            aql: 'SELECT c/uid/value as CompositionId, ' +\r\n                'x/items[at0019]/value/value AS Tidsstämpel_för_sparat_dokument, ' +\r\n                'x/items[at0010]/value/value AS Dokument_ID, ' +\r\n                'x/items[at0008]/value/value AS Dokumentnamn, ' +\r\n                'x/items[at0004]/value/value AS Dokumentationskod, ' +\r\n                'x/items[at0004]/value/value AS Dokumentationstidpunkt, ' +\r\n                'x/items[at0009]/value/defining_code/code_string AS Dokument_skapad_av_yrkestitel_ID, ' +\r\n                'x/items[at0009]/value/value AS Dokument_skapad_av_yrkestitel_Namn, ' +\r\n                'p/items[at0001]/value/value AS Vårdenhet_Namn, ' +\r\n                'p/items[at0003]/value/id AS Vårdenhet_Identifierare, ' +\r\n                'c/context/start_time/value as DateTime ' +\r\n                'FROM EHR e ' +\r\n                'CONTAINS COMPOSITION c[openEHR-EHR-COMPOSITION.encounter.v1] ' +\r\n                'CONTAINS (CLUSTER x[openEHR-EHR-CLUSTER.composition_metadata_tc.v1] ' +\r\n                'AND CLUSTER p[openEHR-EHR-CLUSTER.organisation.v1,\"Vårdenhet\"]) ' +\r\n                'WHERE e/ehr_id/value = :ehrId AND c/archetype_details/template_id/value = \"RSK - Journal Encounter\" ' +\r\n                'AND x/items[at0008]/value/value != \"Mätningar\" ' +\r\n                'AND x/items[at0004]/value/value != \"MÄT\" ' +\r\n                'ORDER BY DateTime DESC ' +\r\n                'OFFSET 0 LIMIT 5000',\r\n            params: ctx.vars\r\n        }),\r\n        keywordQuery: Ehr.query({\r\n            aql: 'SELECT DISTINCT i/items[at0001]/value/defining_code/code_string AS Id, ' +\r\n                'i/items[at0001]/value/Value AS Name, ' +\r\n                'c/context/other_context[at0001]/items[openEHR-EHR-CLUSTER.composition_metadata_tc.v1]/items[at0004]/value AS Dokumentationskod ' +\r\n                'FROM EHR e ' +\r\n                'CONTAINS COMPOSITION c[openEHR-EHR-COMPOSITION.encounter.v1] ' +\r\n                'CONTAINS CLUSTER i[openEHR-EHR-CLUSTER.generic_keyword_rsk.v1] ' +\r\n                'WHERE e/ehr_id/value = :ehrId AND c/archetype_details/template_id/value = \"RSK - Journal Encounter\" ' +\r\n                'AND Id > \"0\" AND Dokumentationskod != \"MÄT\"' +\r\n                'ORDER BY Id DESC ' +\r\n                'OFFSET 0 LIMIT 5000',\r\n            params: ctx.vars\r\n        })\r\n    };\r\n    var result = [];\r\n    Ehr.allhash(promises, function(res) {\r\n        var caseNoteListData = res['caseNoteQuery'];\r\n        var keywordListData = res['keywordQuery'];\r\n        // result = {'caseNoteListData': caseNoteListData, 'keywordListData':keywordListData};\r\n        result = {'FilterData': getFilterData(caseNoteListData, keywordListData)};\r\n    });\r\n    return result;\r\n}\r\n\r\nfunction getFilterData(caseNoteListData, keywordListData) {\r\n    var filterDataResult = [];\r\n    var originalcaseNoteArray = caseNoteListData;\r\n    var keywordListDataArray = getKeywordList(keywordListData);\r\n    var sortedKeywordArray = keywordListDataArray.sort(function(a, b) {\r\n        return a.Name.localeCompare(b.Name);\r\n    });\r\n    var filterDateObject = getMinMaxData(originalcaseNoteArray.map(x => ({DateTime: Date.parse(x.DateTime)})));\r\n\r\n    var filterUserRollList = getFilterRolls(originalcaseNoteArray.map(x => ({rollId: x.Dokument_skapad_av_yrkestitel_ID, rollName: x.Dokument_skapad_av_yrkestitel_Namn})));\r\n    var filterDocumentList = getFilterDocuments(originalcaseNoteArray.map(x => ({documentId: x.Dokument_ID, documentName: x.Dokumentnamn})));\r\n    var filteCareUnitList = getFilterCareUnits(originalcaseNoteArray.map(x => ({careUnitId: x.Vårdenhet_Identifierare, careUnitName: x.Vårdenhet_Namn})));\r\n    \r\n    filterDataResult.push({'KeywordList': sortedKeywordArray, 'UserRollList': filterUserRollList, 'DocumentList': filterDocumentList, 'careUnitList': filteCareUnitList,\r\n        'MinDate': new Date(filterDateObject.minDate).toISOString(), 'MaxDate': new Date(filterDateObject.maxDate).toISOString()});\r\n\r\n    return filterDataResult;\r\n}\r\n\r\nfunction getMinMaxData(dateTimeArray) {\r\n    dateTimeArray = dateTimeArray.filter(x => x.DateTime);\r\n    let minValue = dateTimeArray[0].DateTime;\r\n    let maxValue = dateTimeArray[0].DateTime;\r\n    \r\n    for (let i = 1; i < dateTimeArray.length; i++) {\r\n        if (dateTimeArray[i].DateTime < minValue) {\r\n            minValue = dateTimeArray[i].DateTime;\r\n        }\r\n        if (dateTimeArray[i].DateTime > maxValue){\r\n            maxValue = dateTimeArray[i].DateTime;\r\n        }\r\n    }\r\n    var dateTime = new Date();\r\n    var timeZoneOffset = dateTime.getTimezoneOffset();\r\n    let offsetInMilliseconds = timeZoneOffset * 60000;\r\n    return {'minDate': minValue - offsetInMilliseconds, 'maxDate': maxValue - offsetInMilliseconds};\r\n    //return {'minDate': minValue, 'maxDate': maxValue};\r\n    //return {'minDate': minValue-19800000, 'maxDate': maxValue-19800000};\r\n}\r\n\r\nfunction getKeywordList(keywordListData) {\r\n    var result = keywordListData.reduce((unique, o) => {\r\n        if(!unique.some(obj => obj.Id === o.Id && obj.Name === o.Name)) {\r\n        unique.push(o);\r\n        }\r\n        return unique.filter(x => x.Id !== null && x.Name !== null);\r\n    },[]);\r\n    return result;\r\n}\r\n\r\nfunction getFilterRolls(userRollList) {\r\n    var result = userRollList.reduce((unique, o) => {\r\n        if(!unique.some(obj => obj.rollId === o.rollId && obj.rollName === o.rollName)) {\r\n        unique.push(o);\r\n        }\r\n        return unique.filter(x => x.rollId !== null && x.rollName !== null);\r\n    },[]);\r\n    return result;\r\n}\r\n\r\nfunction getFilterDocuments(documentList) {\r\n    var result = documentList.reduce((unique, o) => {\r\n        if(!unique.some(obj => obj.documentName === o.documentName)) {\r\n        unique.push(o);\r\n        }\r\n        return unique.filter(x => x.documentName !== null);\r\n    },[]);\r\n    return result;\r\n}\r\n\r\nfunction getFilterCareUnits(careUnitList) {\r\n    var result = careUnitList.reduce((unique, o) => {\r\n        if(!unique.some(obj => obj.careUnitId === o.careUnitId && obj.careUnitName === o.careUnitName)) {\r\n        unique.push(o);\r\n        }\r\n        return unique.filter(x => x.careUnitId !== null && x.careUnitName !== null);\r\n    },[]);\r\n    return result;\r\n}\r\n"}]}