{"name":"RSK.View.CaseNote.Json","category":null,"description":"RSK.View.CaseNote.Json","metaData":"{\r\n    \"parameters\": [\r\n    {\r\n        \"name\": \"ehrId\",\r\n        \"type\": \"string\",\r\n        \"format\": \"\",\r\n        \"description\": \"ehr id\"\r\n    },\r\n    {\r\n        \"name\": \"compId\",\r\n        \"type\": \"string\",\r\n        \"format\": \"\",\r\n        \"description\": \"composition id\"\r\n    }]\r\n}","steps":[{"processorName":"js","processorData":"function compute(ctx, src) {\r\n    var promises = {\r\n        keywordQueryData: Ehr.query({\r\n            aql:'SELECT c/uid/value as CompositionId,' +\r\n                'o/items[at0016]/value/value AS EntryUid,' +\r\n                'o/items[at0001]/value/value AS Name,' +\r\n                'o/items[at0002]/value AS Value,' +\r\n                'o/items[at0013]/value/value AS Comment,' +\r\n                '\"\" AS Html,' +\r\n                'o/items[at0011]/value/magnitude AS Level,' +\r\n                'squash(o/items[at0012]/value/value) AS ChildNode,' +\r\n                'c/context/start_time/value AS DateTime ' +\r\n                'FROM EHR e ' +\r\n                'CONTAINS COMPOSITION c[openEHR-EHR-COMPOSITION.encounter.v1] ' +\r\n                'CONTAINS CLUSTER o[openEHR-EHR-CLUSTER.generic_keyword_rsk.v1] ' +\r\n                'WHERE e/ehr_id/value = :ehrId AND CompositionId = :compId ' +\r\n                'AND c/archetype_details/template_id/value = \"RSK - Journal Encounter\" ' +\r\n                'ORDER BY DateTime DESC ' +\r\n                'OFFSET 0 LIMIT 5000',\r\n            params: ctx.vars\r\n        }),\r\n        contextQueryData: Ehr.query({\r\n            aql:'SELECT c/uid/value as CompositionId,' +\r\n                'x/items[at0015]/value/id AS Dokumentskaparens_användar_ID,' +\r\n                'x/items[at0019]/value/value AS Tidsstämpel_för_sparat_dokument,' +\r\n                'x/items[at0009]/value/defining_code/code_string AS Dokument_skapad_av_yrkestitel_ID,' +\r\n                'x/items[at0009]/value/value AS Dokument_skapad_av_yrkestitel_Namn,' +\r\n                'x/items[at0012]/value/id AS Signerare_ID,' +\r\n                'x/items[at0013]/value/id AS Signerat_av_ID,' +\r\n                'x/items[at0005]/value/value AS Dokumentationstidpunkt,' +\r\n                'p/items[at0001]/value/value AS Vårdenhet_Namn,' +\r\n                'p/items[at0003]/value/id AS Vårdenhet_Identifierare,' +\r\n                'c/context/start_time/value AS DateTime ' +\r\n                'FROM EHR e ' +\r\n                'CONTAINS COMPOSITION c[openEHR-EHR-COMPOSITION.encounter.v1] ' +\r\n                'CONTAINS (CLUSTER x[openEHR-EHR-CLUSTER.composition_metadata_tc.v1] ' +\r\n                'AND CLUSTER p[openEHR-EHR-CLUSTER.organisation.v1,\"Vårdenhet\"]) ' +\r\n                'WHERE e/ehr_id/value = :ehrId AND CompositionId = :compId ' +\r\n                'AND c/archetype_details/template_id/value = \"RSK - Journal Encounter\" ' +\r\n                'ORDER BY DateTime DESC ' +\r\n                'OFFSET 0 LIMIT 5000',\r\n            params: ctx.vars\r\n        })\r\n    };\r\n    var result = [];\r\n    Ehr.allhash(promises, function(res) {\r\n        var keywordData = res['keywordQueryData'];\r\n        var contextData = res['contextQueryData'];\r\n        result = {\"KeywordData\": keywordData, \"ContextData\": contextData, \"CaseNoteHtml\": \"\"};\r\n    });\r\n    return result;\r\n}"}]}