{"name":"RSK.View.CaseNoteList","category":null,"description":"RSK.View.CaseNoteList","metaData":"{\r\n    \"parameters\": [\r\n    {\r\n        \"name\": \"ehrId\",\r\n        \"type\": \"string\",\r\n        \"format\": \"\",\r\n        \"description\": \"Ehr Id\"\r\n    },\r\n    {\r\n      \"name\": \"fromDateTime\",\r\n      \"type\": \"string\",\r\n      \"format\": \"date-time\",\r\n      \"description\": \"From Date Time\"\r\n    },\r\n    {\r\n      \"name\": \"toDateTime\",\r\n      \"type\": \"string\",\r\n      \"format\": \"date-time\",\r\n      \"description\": \"To Date Time\"\r\n    },\r\n    {\r\n        \"name\": \"rollIds\",\r\n        \"type\": \"array\",\r\n        \"format\": \"string\",\r\n        \"description\": \"Roll Ids\"\r\n    },\r\n    {\r\n        \"name\": \"documentIds\",\r\n        \"type\": \"array\",\r\n        \"format\": \"string\",\r\n        \"description\": \"Document Ids\"\r\n    },\r\n    {\r\n        \"name\": \"careUnitIds\",\r\n        \"type\": \"array\",\r\n        \"format\": \"string\",\r\n        \"description\": \"CareUnit Ids\"\r\n    }\r\n]\r\n}","steps":[{"processorName":"jsonFtlAql","processorData":"SELECT c/uid/value as CompositionId,\r\n       x/items[at0019]/value/value AS Tidsstämpel_för_sparat_dokument,\r\n       x/items[at0010]/value/value AS Dokument_ID,\r\n       x/items[at0008]/value/value AS Dokumentnamn,\r\n       x/items[at0004]/value/value AS Dokumentationskod,\r\n       x/items[at0009]/value/defining_code/code_string AS Dokument_skapad_av_yrkestitel_ID,\r\n       x/items[at0009]/value/value AS Dokument_skapad_av_yrkestitel_Namn,\r\n       p/items[at0001]/value/value AS Vårdenhet_Namn,\r\n       p/items[at0003]/value/id AS Vårdenhet_Identifierare,\r\n       \"\" AS DisplayDateTime,\r\n       c/context/start_time/value as DateTime\r\nFROM EHR e[ehr_id/value =:ehrId] \r\nCONTAINS COMPOSITION c[openEHR-EHR-COMPOSITION.encounter.v1] \r\nCONTAINS (CLUSTER x[openEHR-EHR-CLUSTER.composition_metadata_tc.v1] \r\nand CLUSTER p[openEHR-EHR-CLUSTER.organisation.v1,'Vårdenhet']) \r\nwhere c/archetype_details/template_id/value = 'RSK - Journal Encounter' \r\nAND x/items[at0008]/value/value != \"Mätningar\" AND x/items[at0004]/value/value != \"MÄT\" \r\n<#if ctx.vars.fromDateTime?? && ctx.vars.toDateTime??>\r\n    AND DateTime >=:fromDateTime and DateTime <=:toDateTime\r\n</#if>\r\n<#if ctx.vars.rollIds??>\r\n    AND Dokument_skapad_av_yrkestitel_ID MATCHES {:rollIds} \r\n</#if>\r\n<#if ctx.vars.documentIds??>\r\n    AND Dokumentnamn MATCHES {:documentIds}\r\n</#if>\r\n<#if ctx.vars.careUnitIds??>\r\n    AND Vårdenhet_Identifierare MATCHES {:careUnitIds}\r\n</#if>\r\norder by DateTime desc \r\nOFFSET 0 LIMIT 100"}]}