{"name":"RSK.View.Keywords","category":null,"description":"RSK.View.Keywords","metaData":"{\r\n    \"parameters\": [\r\n    {\r\n        \"name\": \"ehrId\",\r\n        \"type\": \"string\",\r\n        \"format\": \"\",\r\n        \"description\": \"ehr id\"\r\n    },\r\n    {\r\n        \"name\": \"keywordIds\",\r\n        \"type\": \"array\",\r\n        \"format\": \"string\",\r\n        \"description\": \"keyword Ids\"\r\n    }]\r\n}","steps":[{"processorName":"jsonFtlAql","processorData":"SELECT DISTINCT i/items[at0001]/value/defining_code/code_string AS Id, \r\n                i/items[at0001]/value/Value AS Name,\r\n                c/context/other_context[at0001]/items[openEHR-EHR-CLUSTER.composition_metadata_tc.v1]/items[at0004]/value AS Dokumentationskod,\r\n                c/uid/value as CompositionId\r\n                FROM EHR e \r\n                CONTAINS COMPOSITION c[openEHR-EHR-COMPOSITION.encounter.v1] \r\n                CONTAINS CLUSTER i[openEHR-EHR-CLUSTER.generic_keyword_rsk.v1] \r\n                WHERE e/ehr_id/value = :ehrId AND c/archetype_details/template_id/value = \"RSK - Journal Encounter\" \r\n                AND Id > \"0\" AND Dokumentationskod != \"MÄT\" \r\n <#if ctx.vars.keywordIds??>\r\n                AND i/items[at0001]/value/defining_code/code_string MATCHES {:keywordIds} \r\n</#if>\r\n                ORDER BY Id DESC \r\n                OFFSET 0 LIMIT 5000"}]}