{"name":"RSK.View.Widget.Line.Chart.Weight","category":null,"description":"RSK.View.Widget.Line.Chart.Weight","metaData":"{\"parameters\":[{\"name\":\"ehrId\",\"description\":\"\",\"type\":\"string\"}]}","steps":[{"processorName":"js","processorData":"function compute(ctx, src) {\r\n    var promises = {\r\n        query: Ehr.query({\r\n            aql: `SELECT b/items[at0002]/value/magnitude AS Value,\r\n                        b/items[at0002]/value/units AS Unit,\r\n                        b/items[at0001]/value/value AS Name,\r\n                        c/context/start_time/value AS DateTime,\r\n                        b/items[at0001]/value/defining_code/code_string AS Code\r\n                    FROM EHR e\r\n                    CONTAINS COMPOSITION c[openEHR-EHR-COMPOSITION.encounter.v1] \r\n                    CONTAINS CLUSTER b[openEHR-EHR-CLUSTER.generic_keyword_rsk.v1] \r\n                    WHERE e/ehr_id/value = :ehrId and\r\n                    b/items[at0001]/value/defining_code/code_string = '1965' \r\n                    order by c/context/start_time/value asc\r\n                    OFFSET 0 LIMIT 1000`,\r\n            params: ctx.vars\r\n        })\r\n    };\r\n\r\n    var result = {};\r\n    var data = [];\r\n    Ehr.allhash(promises, function (res) {\r\n        data = res['query'];\r\n        result = {\"ConfigData\": getConfigurationData(data), \"ArchetypeData\": getProcessedLabData(data)};\r\n    });\r\n    return result;\r\n}\r\n\r\nfunction getConfigurationData(labData){\r\n    const maxValue = labData.reduce((max, obj) => {\r\n    return obj.Value > max ? obj.Value : max;\r\n    }, 0);\r\n    return {\r\n        \"Chart_minimum_range\": 0,\r\n        \"Chart_maximum_range\": maxValue > 0 ? maxValue + 5 : 0,\r\n        \"Number_of_Y_Lines\": 10,\r\n        \"No_Data_Text\": \"No data available to view\",\r\n        \"Chart_height\": 250\r\n    };\r\n}\r\n\r\nfunction getProcessedLabData(labData) {\r\n    var result = {};\r\n    if (labData && labData.length > 0) {\r\n        const valueList = labData.map(item => {\r\n            const value = {};\r\n            value[item.Name] = item.Value;\r\n            value[\"DateTime\"] = item.DateTime;\r\n            return value;\r\n        })\r\n        result = {\r\n            \"Line_Name\": labData[0][\"Name\"],\r\n            \"Line_Unit\": labData[0][\"Unit\"],\r\n            \"Line_Color\": \"Orange\", \r\n            \"ValueList\": valueList\r\n        };\r\n    }\r\n    return result;\r\n}"}]}