{"name":"RSK_Medications_Data","id":"9aaf49bc-3bdb-4c3c-ae2e-a4fbb7d065c0","headers":[],"parameters":[],"authentication":{"params":[],"type":"None"},"type":"GLOBAL","baseUrl":"https://open-platform-migration.service.tietoevry.com/ehr/rest/v1/view/","calls":[{"name":"Get Medication Data Mock","requestMethod":"GET","headers":[],"parameters":[],"id":"2265492b-e39b-4743-b7a7-30ec32e457cb","groupTag":"","pathParameters":[],"pathParams":{},"customValueSet":[{"title":"Metylprednisone","id":1,"dailyDose":{"quantity":30,"unit":"mg"},"dose":{"quantity":30,"unit":"mg · By mouth (p.o.)","interval":{"daily":10,"nonDaily":{"quantity":20,"unit":"mg"},"description":"By mouth (p.o.) 1"}},"interval":{"start":"2024-10-14T11:32:02.941367+01:00","stop":"2024-12-14T11:32:02.941367+01:00"}},{"title":"Prednisone","id":2,"dailyDose":{"quantity":30,"unit":"mg"},"dose":{"quantity":30,"unit":"mg · By mouth (p.o.)","interval":{"daily":30,"nonDaily":{"quantity":20,"unit":"mg"},"description":"per week"}},"interval":{"start":"2024-10-14T11:32:02.941367+01:00","stop":"2024-12-14T11:32:02.941367+01:00"}}],"responseType":"json","bodyType":"JSON","response":[{"name":"value (list)","type":"LIST","sampleValue":"","children":[{"name":"title","type":"TEXT","sampleValue":"Metylprednisone","children":[]},{"name":"id","type":"NUMBER","sampleValue":"1","children":[]},{"name":"dailyDose","type":"OBJECT","sampleValue":"","children":[{"name":"quantity","type":"NUMBER","sampleValue":"30","children":[],"parentObjectName":"dailyDose"},{"name":"unit","type":"TEXT","sampleValue":"mg","children":[],"parentObjectName":"dailyDose"}]},{"name":"dose","type":"OBJECT","sampleValue":"","children":[{"name":"quantity","type":"NUMBER","sampleValue":"30","children":[],"parentObjectName":"dose"},{"name":"unit","type":"TEXT","sampleValue":"mg · By mouth (p.o.)","children":[],"parentObjectName":"dose"},{"name":"interval","type":"OBJECT","sampleValue":"","children":[{"name":"daily","type":"NUMBER","sampleValue":"10","children":[],"parentObjectName":"interval"},{"name":"nonDaily","type":"OBJECT","sampleValue":"","children":[{"name":"quantity","type":"NUMBER","sampleValue":"20","children":[],"parentObjectName":"nonDaily"},{"name":"unit","type":"TEXT","sampleValue":"mg","children":[],"parentObjectName":"nonDaily"}],"parentObjectName":"interval"},{"name":"description","type":"TEXT","sampleValue":"By mouth (p.o.) 1","children":[],"parentObjectName":"interval"}],"parentObjectName":"dose"}]},{"name":"interval","type":"OBJECT","sampleValue":"","children":[{"name":"start","type":"TEXT","sampleValue":"2024-10-14T11:32:02.941367+01:00","children":[],"parentObjectName":"interval"},{"name":"stop","type":"TEXT","sampleValue":"2024-12-14T11:32:02.941367+01:00","children":[],"parentObjectName":"interval"}]}]}],"sampleResponse":[{"title":"Metylprednisone","id":1,"dailyDose":{"quantity":30,"unit":"mg"},"dose":{"quantity":30,"unit":"mg · By mouth (p.o.)","interval":{"daily":10,"nonDaily":{"quantity":20,"unit":"mg"},"description":"By mouth (p.o.) 1"}},"interval":{"start":"2024-10-14T11:32:02.941367+01:00","stop":"2024-12-14T11:32:02.941367+01:00"}},{"title":"Prednisone","id":2,"dailyDose":{"quantity":30,"unit":"mg"},"dose":{"quantity":30,"unit":"mg · By mouth (p.o.)","interval":{"daily":30,"nonDaily":{"quantity":20,"unit":"mg"},"description":"per week"}},"interval":{"start":"2024-10-14T11:32:02.941367+01:00","stop":"2024-12-14T11:32:02.941367+01:00"}}]},{"name":"Mock Data","requestMethod":"GET","headers":[],"parameters":[],"id":"ba83b493-9c86-4d32-80f1-8fbde519d4ec","groupTag":"","pathParameters":[],"pathParams":{},"customValueSet":[{"Title":{"id":1,"Name":"Metylprednisone"},"Name":"Metylprednisone","DoseForm":"Enterokapsel, hård","Id":1,"DailyDoseQuanity":30,"DailydoseUnit":"mg","Dose":{"id":1},"StartDate":"2024-10-14T11:32:02.941367+01:00","StopDate":"2024-12-14T11:32:02.941367+01:00","ATCCode":"20100609100041","ATCName":"20100609100041","Instructions":"om patienten inte äter och dricker","CareUnit":"Karolinska SV","Prescriber":"Test User","PrescriberId":"11111"},{"Title":{"id":2,"Name":"Metylprednisone"},"Name":"Metylprednisone","DoseForm":"Enterokapsel, hård","Id":2,"DailyDoseQuanity":30,"DailydoseUnit":"mg","Dose":{"id":2},"StartDate":"2024-10-14T11:32:02.941367+01:00","StopDate":"2024-12-14T11:32:02.941367+01:00","ATCCode":"20100609100041","ATCName":"20100609100041","Instructions":"om patienten inte äter och dricker","CareUnit":"Karolinska SV","Prescriber":"Test User","PrescriberId":"11111"}],"responseType":"json","bodyType":"JSON","response":[{"name":"value (list)","type":"LIST","sampleValue":"","children":[{"name":"Title","type":"OBJECT","sampleValue":"","children":[{"name":"id","type":"NUMBER","sampleValue":"1","children":[],"parentObjectName":"Title"},{"name":"Name","type":"TEXT","sampleValue":"Metylprednisone","children":[],"parentObjectName":"Title"}]},{"name":"Name","type":"TEXT","sampleValue":"Metylprednisone","children":[]},{"name":"DoseForm","type":"TEXT","sampleValue":"Enterokapsel, hård","children":[]},{"name":"Id","type":"NUMBER","sampleValue":"1","children":[]},{"name":"DailyDoseQuanity","type":"NUMBER","sampleValue":"30","children":[]},{"name":"DailydoseUnit","type":"TEXT","sampleValue":"mg","children":[]},{"name":"Dose","type":"OBJECT","sampleValue":"","children":[{"name":"id","type":"NUMBER","sampleValue":"1","children":[],"parentObjectName":"Dose"}]},{"name":"StartDate","type":"TEXT","sampleValue":"2024-10-14T11:32:02.941367+01:00","children":[]},{"name":"StopDate","type":"TEXT","sampleValue":"2024-12-14T11:32:02.941367+01:00","children":[]},{"name":"ATCCode","type":"NUMBER","sampleValue":"20100609100041","children":[]},{"name":"ATCName","type":"NUMBER","sampleValue":"20100609100041","children":[]},{"name":"Instructions","type":"TEXT","sampleValue":"om patienten inte äter och dricker","children":[]},{"name":"CareUnit","type":"TEXT","sampleValue":"Karolinska SV","children":[]},{"name":"Prescriber","type":"TEXT","sampleValue":"Test User","children":[]},{"name":"PrescriberId","type":"NUMBER","sampleValue":"11111","children":[]}]}],"postProcessorCode":"\"let result = processor.responseData;\\napi.setVariableValue('records', result);\\nprocessor.done(result);\\n\\n\\n//  let result = processor.responseData;\\n//  const labels = getLabels();\\n//  const users = [\\n//   {\\n//     \\\"TakeCareUserID\\\": \\\"198504056782\\\",\\n//     \\\"TakeCareUserName\\\": \\\"Claudia Ehrentraut\\\"\\n//   },\\n//   {\\n//     \\\"TakeCareUserID\\\": \\\"197803070189\\\",\\n//     \\\"TakeCareUserName\\\": \\\"Anna-Maria Nygren\\\"\\n//   },\\n//   {\\n//     \\\"TakeCareUserID\\\": \\\"198407031684\\\",\\n//     \\\"TakeCareUserName\\\": \\\"Henna Hybinette\\\"\\n//   },\\n//   {\\n//     \\\"TakeCareUserID\\\": \\\"197005050393\\\",\\n//     \\\"TakeCareUserName\\\": \\\"Tom Backman\\\"\\n//   },\\n//   {\\n//     \\\"TakeCareUserID\\\": \\\"195906300149\\\",\\n//     \\\"TakeCareUserName\\\": \\\"Susanne Bergenbrant Glas\\\"\\n//   }\\n// ];\\n//  if (result && result.length == 0) {\\n//     api.setVariableValue('isNoData', true);\\n//  } else {\\n//     result?.forEach (x => {\\n//             x.Title = x.MedicationName + ', ' + (x.DoseForm ? x.DoseForm + ', ' : '') + (x.Strength + ' ' + x.StrengthUnit);  \\n//             x.DoseStrength = x.Strength + ' ' + x.StrengthUnit;\\n//             x.SignedBy = getSignedByUser(x.SignedByUserId);\\n//             x.DoseTime = getDoseTime(x);\\n//         });\\n//     api.setVariableValue('records', result);\\n//  }\\n\\n// function getSignedByUser(signeByUserId) {\\n//     if (signeByUserId) {\\n//         const signedByUser = users.filter(x => x.TakeCareUserID == signeByUserId);\\n//         console.log(signedByUser)\\n//         return signedByUser && signedByUser.length > 0 ? signedByUser[0].TakeCareUserName : labels.Unknown;\\n//     } else {\\n//         return '';\\n//     }\\n// }\\n\\n// function getDoseTime(item) {\\n//     const scheduleTypes = labels.ScheduleTypes;\\n//     if (item.ScheduleType > 0) {\\n//         const period = item.Period;\\n//         const scheduleType = scheduleTypes[item.ScheduleType - 1];\\n//         return scheduleType.replace(\\\"nth\\\", period);\\n//     } else {\\n//         return labels.NotScheduled;\\n//     }\\n// }\\n\\n// function getLabels() {\\n//     const formLanguage = api.getVariable(\\\"formLanguage\\\").value;\\n//     if (formLanguage === \\\"sv\\\") {\\n//         return {\\n//             Unknown: 'Okänd',\\n//             NotScheduled: 'Ej schemalagd',\\n//             ScheduleTypes: [\\n//                 \\\"var nth dag\\\",\\n//                 \\\"var nth vecka\\\",\\n//                 \\\"var nth timme\\\"\\n//             ]\\n//         } \\n//     } else if (formLanguage === 'nb') {\\n//         return {\\n//             Unknown: 'Ukjent',\\n//             NotScheduled: 'Ikke planlagt',\\n//             ScheduleTypes: [\\n//                 \\\"hver nth dag\\\",\\n//                 \\\"hver nth uke\\\",\\n//                 \\\"hver nth time\\\"\\n//             ]\\n//         } \\n//     } else {\\n//         return {\\n//             Unknown: 'Unknown',\\n//             NotScheduled: 'Not Scheduled',\\n//             ScheduleTypes: [\\n//                  \\\"every nth day\\\",\\n//                  \\\"every nth week\\\",\\n//                  \\\"every nth hour\\\"\\n//             ]\\n//         } \\n//     }\\n// }\\n// processor.done(result);\\n\"","sampleResponse":[{"Title":{"id":1,"Name":"Metylprednisone"},"Name":"Metylprednisone","DoseForm":"Enterokapsel, hård","Id":1,"DailyDoseQuanity":30,"DailydoseUnit":"mg","Dose":{"id":1},"StartDate":"2024-10-14T11:32:02.941367+01:00","StopDate":"2024-12-14T11:32:02.941367+01:00","ATCCode":"20100609100041","ATCName":"20100609100041","Instructions":"om patienten inte äter och dricker","CareUnit":"Karolinska SV","Prescriber":"Test User","PrescriberId":"11111"},{"Title":{"id":2,"Name":"Metylprednisone"},"Name":"Metylprednisone","DoseForm":"Enterokapsel, hård","Id":2,"DailyDoseQuanity":30,"DailydoseUnit":"mg","Dose":{"id":2},"StartDate":"2024-10-14T11:32:02.941367+01:00","StopDate":"2024-12-14T11:32:02.941367+01:00","ATCCode":"20100609100041","ATCName":"20100609100041","Instructions":"om patienten inte äter och dricker","CareUnit":"Karolinska SV","Prescriber":"Test User","PrescriberId":"11111"}]},{"name":"Get Medications","requestMethod":"GET","headers":[],"parameters":[],"id":"bf83b0d4-598b-46b2-9585-da85e91cc138","groupTag":"","pathParameters":[{"name":"{ehrId}","value":"%ehrId%","testValue":"b2bf9fea-6175-4453-84ce-a6c5e9893a4f","required":null}],"pathParams":{"{ehrId}":"%ehrId%"},"customValueSet":null,"url":"{ehrId}/RSK.View.Medications","responseType":"json","bodyType":"JSON","response":[{"name":"value (list)","type":"LIST","sampleValue":"","children":[{"name":"MedicationName","type":"TEXT","sampleValue":"Waran","children":[]},{"name":"drugCode","type":"NUMBER","sampleValue":"19640101000028","children":[]},{"name":"ATCCode","type":"TEXT","sampleValue":"B01AA03","children":[]},{"name":"Drug_mapping_terminology","type":"TEXT","sampleValue":"ATC","children":[]},{"name":"ATCName","type":"OBJECT","sampleValue":"","children":[{"name":"@class","type":"TEXT","sampleValue":"DV_TEXT","children":[],"parentObjectName":"ATCName"},{"name":"value","type":"TEXT","sampleValue":"Warfarin","children":[],"parentObjectName":"ATCName"}]},{"name":"StartDate","type":"TEXT","sampleValue":"2023-12-01T08:00:00Z","children":[]},{"name":"StopDate","type":"OBJECT","sampleValue":"","children":[]},{"name":"DoseForm","type":"TEXT","sampleValue":"Tablett","children":[]},{"name":"Instructions","type":"OBJECT","sampleValue":"","children":[]},{"name":"CareUnit","type":"TEXT","sampleValue":"Karolinska ÖV","children":[]},{"name":"SignedByUserId","type":"NUMBER","sampleValue":"195906300149","children":[]},{"name":"SignedDate","type":"TEXT","sampleValue":"2024-11-12T08:13:00Z","children":[]},{"name":"Strength","type":"NUMBER","sampleValue":"2.5","children":[]},{"name":"StrengthUnit","type":"TEXT","sampleValue":"mg","children":[]},{"name":"RouteText","type":"TEXT","sampleValue":"Oralt","children":[]},{"name":"DosageType","type":"TEXT","sampleValue":"Rb","children":[]},{"name":"ScheduleType","type":"NUMBER","sampleValue":"0","children":[]},{"name":"Period","type":"OBJECT","sampleValue":"","children":[]},{"name":"DoseText","type":"TEXT","sampleValue":"1 st","children":[]},{"name":"DoseInstructions","type":"TEXT","sampleValue":"<1 tablett Pacemaker>","children":[]},{"name":"Title","type":"TEXT","sampleValue":"Waran, Tablett, 2.5 mg","children":[]},{"name":"DoseStrength","type":"TEXT","sampleValue":"2.5 mg","children":[]},{"name":"SignedBy","type":"TEXT","sampleValue":"Susanne Bergenbrant Glas","children":[]},{"name":"DoseTime","type":"NUMBER","sampleValue":"","children":[]}]}],"postProcessorCode":"\" let result = processor.responseData;\\n const labels = getLabels();\\n const users = [\\n  {\\n    \\\"TakeCareUserID\\\": \\\"198504056782\\\",\\n    \\\"TakeCareUserName\\\": \\\"Claudia Ehrentraut\\\"\\n  },\\n  {\\n    \\\"TakeCareUserID\\\": \\\"197803070189\\\",\\n    \\\"TakeCareUserName\\\": \\\"Anna-Maria Nygren\\\"\\n  },\\n  {\\n    \\\"TakeCareUserID\\\": \\\"198407031684\\\",\\n    \\\"TakeCareUserName\\\": \\\"Henna Hybinette\\\"\\n  },\\n  {\\n    \\\"TakeCareUserID\\\": \\\"197005050393\\\",\\n    \\\"TakeCareUserName\\\": \\\"Tom Backman\\\"\\n  },\\n  {\\n    \\\"TakeCareUserID\\\": \\\"195906300149\\\",\\n    \\\"TakeCareUserName\\\": \\\"Susanne Bergenbrant Glas\\\"\\n  },\\n  {\\n    \\\"TakeCareUserID\\\": \\\"196012191000\\\",\\n    \\\"TakeCareUserName\\\": \\\"Birgitta Testsson\\\"\\n  }\\n];\\n if (result && result.length == 0) {\\n    api.setVariableValue('isNoData', true);\\n } else {\\n    result?.forEach (x => {\\n            x.Title = x.MedicationName + ', ' + (x.DoseForm ? x.DoseForm + ', ' : '') + (x.Strength + ' ' + x.StrengthUnit);  \\n            x.DoseStrength = x.Strength ? x.Strength + ' ' + x.StrengthUnit : '';\\n            x.SignedBy = getSignedByUser(x.SignedByUserId);\\n            x.DoseTime = getDoseTime(x);\\n            x.StartDate = x.StartDate ? x.StartDate.split('T')[0] : '';\\n            x.StopDate = x.StopDate ? x.StopDate.split('T')[0] : '';\\n            x.SignedDate = x.SignedDate ? x.SignedDate.split('T')[0] : '';\\n        });\\n    api.setVariableValue('records', result);\\n }\\n\\nfunction getSignedByUser(signeByUserId) {\\n    if (signeByUserId) {\\n        const signedByUser = users.filter(x => x.TakeCareUserID == signeByUserId);\\n        return signedByUser && signedByUser.length > 0 ? signedByUser[0].TakeCareUserName : labels.Unknown;\\n    } else {\\n        return '';\\n    }\\n}\\n\\nfunction getDoseTime(item) {\\n    const scheduleTypes = labels.ScheduleTypes;\\n    if (item.ScheduleType > 0) {\\n        const period = item.Period;\\n        const scheduleType = scheduleTypes[item.ScheduleType - 1];\\n        return scheduleType.replace(\\\"nth\\\", period);\\n    } else {\\n        return '';\\n    }\\n}\\n\\nfunction getLabels() {\\n    const formLanguage = api.getVariable(\\\"formLanguage\\\").value;\\n    if (formLanguage === \\\"sv\\\") {\\n        return {\\n            Unknown: 'Okänd',\\n            NotScheduled: 'Ej schemalagd',\\n            ScheduleTypes: [\\n                \\\"var nth dag\\\",\\n                \\\"var nth vecka\\\",\\n                \\\"var nth timme\\\"\\n            ]\\n        } \\n    } else if (formLanguage === 'nb') {\\n        return {\\n            Unknown: 'Ukjent',\\n            NotScheduled: 'Ikke planlagt',\\n            ScheduleTypes: [\\n                \\\"hver nth dag\\\",\\n                \\\"hver nth uke\\\",\\n                \\\"hver nth time\\\"\\n            ]\\n        } \\n    } else {\\n        return {\\n            Unknown: 'Unknown',\\n            NotScheduled: 'Not Scheduled',\\n            ScheduleTypes: [\\n                 \\\"every nth day\\\",\\n                 \\\"every nth week\\\",\\n                 \\\"every nth hour\\\"\\n            ]\\n        } \\n    }\\n}\\nprocessor.done(result);\\n\"","sampleResponse":[{"MedicationName":"Waran","drugCode":"19640101000028","ATCCode":"B01AA03","Drug_mapping_terminology":"ATC","ATCName":{"@class":"DV_TEXT","value":"Warfarin"},"StartDate":"2023-12-01T08:00:00Z","StopDate":null,"DoseForm":"Tablett","Instructions":null,"CareUnit":"Karolinska ÖV","SignedByUserId":"195906300149","SignedDate":"2024-11-12T08:13:00Z","Strength":2.5,"StrengthUnit":"mg","RouteText":"Oralt","DosageType":"Rb","ScheduleType":0,"Period":null,"DoseText":"1 st","DoseInstructions":"<1 tablett Pacemaker>","Title":"Waran, Tablett, 2.5 mg","DoseStrength":"2.5 mg","SignedBy":"Susanne Bergenbrant Glas","DoseTime":""},{"MedicationName":"Waran","drugCode":"19640101000028","ATCCode":"B01AA03","Drug_mapping_terminology":"ATC","ATCName":{"@class":"DV_TEXT","value":"Warfarin"},"StartDate":"2024-08-29T08:00:00Z","StopDate":"2024-09-09T08:00:00Z","DoseForm":"Tablett","Instructions":"Test för Open EHR","CareUnit":"Privat ÖV","SignedByUserId":"197803070189","SignedDate":"2024-09-09T08:58:00Z","Strength":2.5,"StrengthUnit":"mg","RouteText":"Oralt","DosageType":"Rb","ScheduleType":0,"Period":null,"DoseText":"2 st","DoseInstructions":"<2 tabletter på morgonen Pacemaker>","Title":"Waran, Tablett, 2.5 mg","DoseStrength":"2.5 mg","SignedBy":"Anna-Maria Nygren","DoseTime":""},{"MedicationName":"Aspirin","drugCode":"19350131000010","ATCCode":"N02BA01","Drug_mapping_terminology":"ATC","ATCName":{"@class":"DV_TEXT","value":"Acetylsalicylsyra"},"StartDate":"2024-08-29T08:00:00Z","StopDate":"2024-09-28T08:00:00Z","DoseForm":"Tablett","Instructions":"Test för OpenEHR","CareUnit":"Karolinska ÖV","SignedByUserId":"197803070189","SignedDate":"2024-08-29T15:01:00Z","Strength":500,"StrengthUnit":"mg","RouteText":"Oralt","DosageType":"Rb","ScheduleType":0,"Period":null,"DoseText":"1 st","DoseInstructions":"<1 tablett på morgonen>","Title":"Aspirin, Tablett, 500 mg","DoseStrength":"500 mg","SignedBy":"Anna-Maria Nygren","DoseTime":""}]}]}