{"name":"RSK.View.Widget.Line.Chart.Systolic.Diastolic.Pulse","category":null,"description":"RSK.View.Widget.Line.Chart.Systolic.Diastolic.Pulse","metaData":"{\r\n    \"parameters\": [\r\n    {\r\n        \"name\": \"ehrId\",\r\n        \"type\": \"string\",\r\n        \"format\": \"\",\r\n        \"description\": \"ehr id\"\r\n    }]\r\n}","steps":[{"processorName":"js","processorData":"function compute(ctx, src) {\r\n    var promises = {\r\n        systolicDiastolicPulseQuery: Ehr.query({\r\n            aql: `SELECT c/uid/value as CompositionId,\r\n                x/items[at0008]/value/value AS Dokumentnamn,\r\n                x/items[at0004]/value/value AS Dokumentationskod,\r\n                o/items[at0001]/value/defining_code/code_string AS Id,\r\n                o/items[at0001]/value/value AS Name,\r\n                o/items[at0002]/value/magnitude AS Value,\r\n                o/items[at0002]/value/units AS Unit,\r\n                o/items[at0013]/value/value AS Kommetar,\r\n                o/value/value AS SkalaText,\r\n                o/items[at0001]/value/value AS Name,\r\n                x/items[at0005]/value/value AS Dokumentationstidpunkt,\r\n                c/context/start_time/value as DateTime\r\n                FROM EHR e\r\n                CONTAINS COMPOSITION c[openEHR-EHR-COMPOSITION.encounter.v1]\r\n                CONTAINS (CLUSTER x[openEHR-EHR-CLUSTER.composition_metadata_tc.v1]\r\n                AND CLUSTER o[openEHR-EHR-CLUSTER.generic_keyword_rsk.v1])\r\n                WHERE e/ehr_id/value = :ehrId \r\n                AND c/archetype_details/template_id/value = \"RSK - Journal Encounter\" \r\n                --AND x/items[at0004]/value/value = \"MÄT\"\r\n                AND Id matches {'3719','3720','4378','4379','6134','6135','6136','6137','1978'} \r\n                ORDER BY DateTime ASC`,\r\n            params: ctx.vars\r\n        }),\r\n        bloodPressureQuery: Ehr.query({\r\n            aql: `SELECT c/uid/value as CompositionId,\r\n                o/items[at0001]/value/defining_code/code_string AS Id,\r\n                s/data[at0001]/events[at0006]/data[at0003]/items[at0004]/value/magnitude AS Systolic,\r\n                s/data[at0001]/events[at0006]/data[at0003]/items[at0004]/value/units AS SystolicUnit,\r\n                s/data[at0001]/events[at0006]/data[at0003]/items[at0005]/value/magnitude AS Diastolic,\r\n                s/data[at0001]/events[at0006]/data[at0003]/items[at0005]/value/units AS DiastolicUnit,\r\n                c/context/start_time/value as DateTime\r\n                FROM EHR e\r\n                CONTAINS COMPOSITION c[openEHR-EHR-COMPOSITION.encounter.v1]\r\n                CONTAINS (OBSERVATION s[openEHR-EHR-OBSERVATION.blood_pressure.v2] \r\n                AND CLUSTER o[openEHR-EHR-CLUSTER.generic_keyword_rsk.v1])\r\n                WHERE e/ehr_id/value = :ehrId \r\n                AND c/archetype_details/template_id/value = \"RSK - Journal Encounter\" \r\n                AND Id matches {'1849','8980'} \r\n                ORDER BY DateTime ASC`,\r\n            params: ctx.vars\r\n        })\r\n    };\r\n\r\n    var result = {};\r\n    var sysDiaPulData = [];\r\n    var dPData = [];\r\n    Ehr.allhash(promises, function (res) {\r\n        sysDiaPulData = res['systolicDiastolicPulseQuery'];\r\n        dPData = res['bloodPressureQuery'];\r\n        result = {\"ConfigData\": getConfigurationData(), \"SystolicData\": getSystolicData(sysDiaPulData, dPData), \r\n        \"DiastolicData\": getDiastolicData(sysDiaPulData, dPData), \"PulseData\": getPulseData(sysDiaPulData)};\r\n    });\r\n    return result;\r\n}\r\n\r\nfunction getConfigurationData(){\r\n    return {\r\n        \"Chart_minimum_range\": 0,\r\n        \"Chart_maximum_range\": 250,\r\n        \"Number_of_Y_Lines\": 10,\r\n        \"No_Data_Text\": \"No data available to view\",\r\n        \"Chart_height\": 250\r\n    };\r\n}\r\n\r\nfunction getSystolicData(sysDiaPulData, dPData) {\r\n    var result = {};\r\n    const activeIds = ['3719','4378','6134','6136']\r\n    var dataList = [];\r\n    if (sysDiaPulData && sysDiaPulData.length > 0) {\r\n        var systolicData = sysDiaPulData.filter(item => activeIds.indexOf(item.Id) !== -1);\r\n        if(Object.keys(systolicData).length > 0) {\r\n            const valueList = systolicData.map(item => {\r\n                const value = {};\r\n                value[\"Systolic\"] = item.Value;\r\n                value[\"DateTime\"] = item.DateTime;\r\n                return value;\r\n            });\r\n            dataList = valueList;\r\n            if (dPData && dPData.length > 0) {\r\n                const sysList = dPData.map(item => {\r\n                    const value = {};\r\n                    value[\"Systolic\"] = item.Systolic;\r\n                    value[\"DateTime\"] = item.DateTime;\r\n                    return value;\r\n                });\r\n                var combineList = valueList.concat(sysList);\r\n                dataList = combineList.sort((a, b) => new Date(a.DateTime) - new Date(b.DateTime));\r\n            }\r\n            result = {\r\n                \"Line_Name\": \"Systolic\",\r\n                \"Line_Unit\": systolicData[0][\"Unit\"],\r\n                \"Line_Color\": \"Green\", \r\n                \"ValueList\": dataList\r\n            };\r\n        }\r\n    }\r\n    return result;\r\n}\r\n\r\nfunction getDiastolicData(sysDiaPulData, dPData) {\r\n    var result = {};\r\n    const activeIds = ['3720','4379','6135','6137']\r\n    var dataList = [];\r\n    if (sysDiaPulData && sysDiaPulData.length > 0) {\r\n        var diastolicData = sysDiaPulData.filter(item => activeIds.indexOf(item.Id) !== -1);\r\n        if(Object.keys(diastolicData).length > 0) {\r\n            const valueList = diastolicData.map(item => {\r\n                const value = {};\r\n                // value[item.Name] = item.Value;\r\n                value[\"Diastolic\"] = item.Value;\r\n                value[\"DateTime\"] = item.DateTime;\r\n                return value;\r\n            });\r\n            dataList = valueList;\r\n            if (dPData && dPData.length > 0) {\r\n                const diaList = dPData.map(item => {\r\n                    const value = {};\r\n                    value[\"Diastolic\"] = item.Diastolic;\r\n                    value[\"DateTime\"] = item.DateTime;\r\n                    return value;\r\n                });\r\n                var combineList = valueList.concat(diaList);\r\n                dataList = combineList.sort((a, b) => new Date(a.DateTime) - new Date(b.DateTime));\r\n            }\r\n            result = {\r\n                \"Line_Name\": \"Diastolic\",\r\n                \"Line_Unit\": diastolicData[0][\"Unit\"],\r\n                \"Line_Color\": \"Blue\", \r\n                \"ValueList\": dataList\r\n            };\r\n        }\r\n    }\r\n    return result;\r\n}\r\n\r\nfunction getPulseData(sysDiaPulData) {\r\n    var result = {};\r\n    const activeIds = ['1978']\r\n    if (sysDiaPulData && sysDiaPulData.length > 0) {\r\n        var pulseData = sysDiaPulData.filter(item => activeIds.indexOf(item.Id) !== -1);\r\n        if(Object.keys(pulseData).length > 0) {\r\n            const valueList = pulseData.map(item => {\r\n                const value = {};\r\n                //value[item.Name] = item.Value;\r\n                value[\"Pulse\"] = item.Value;\r\n                value[\"DateTime\"] = item.DateTime;\r\n                return value;\r\n            })\r\n            result = {\r\n                \"Line_Name\": \"Pulse\",\r\n                \"Line_Unit\": pulseData[0][\"Unit\"],\r\n                \"Line_Color\": \"Purple\", \r\n                \"ValueList\": valueList\r\n            };\r\n        }\r\n    }\r\n    return result;\r\n}\r\n"}]}