{"name":"RSK_CaseNote_Data","id":"fe16739d-4623-4948-a815-0ae7dc25a185","headers":[],"parameters":[],"authentication":{"params":[],"type":"None"},"type":"GLOBAL","baseUrl":"https://open-platform-migration.service.tietoevry.com/ehr/rest/v1/view/","calls":[{"name":"Get CaseNote List API","requestMethod":"GET","headers":[],"parameters":[],"id":"558e2a70-5b79-4618-b5c3-04df7169486e","groupTag":"","pathParameters":[{"name":"{ehrId}","value":"%ehrId%","testValue":"087aae17-31ee-4b87-85ac-4713cfa59fea","required":null},{"name":"{rollIds}","value":"","testValue":"","required":null},{"name":"{documentIds}","value":"","testValue":"","required":null},{"name":"{careUnitIds}","value":"","testValue":"1780","required":null},{"name":"{startDateTime}","value":"","testValue":"","required":null},{"name":"{endDateTime}","value":"","testValue":"","required":null}],"pathParams":{"{ehrId}":"%ehrId%","{startDateTime}":"","{endDateTime}":"","{rollIds}":"","{documentIds}":"","{careUnitIds}":""},"customValueSet":null,"url":"{ehrId}/RSK.View.CaseNoteList?fromDateTime={startDateTime}&toDateTime={endDateTime}&rollIds={rollIds}&documentIds={documentIds}&careUnitIds={careUnitIds}","responseType":"json","bodyType":"JSON","response":[{"name":"value (list)","type":"LIST","sampleValue":"","children":[{"name":"CompositionId","type":"TEXT","sampleValue":"08afc4be-82d2-42e2-ad04-433d0622a517::default::1","children":[]},{"name":"Tidsstämpel_för_sparat_dokument","type":"TEXT","sampleValue":"2024-11-05T11:34:12Z","children":[]},{"name":"Dokument_ID","type":"TEXT","sampleValue":"196607113146-38","children":[]},{"name":"Dokumentnamn","type":"TEXT","sampleValue":"Utskrivningsanteckning","children":[]},{"name":"Dokumentationskod","type":"TEXT","sampleValue":"ÖVRIGT","children":[]},{"name":"Dokument_skapad_av_yrkestitel_ID","type":"NUMBER","sampleValue":"1","children":[]},{"name":"Dokument_skapad_av_yrkestitel_Namn","type":"TEXT","sampleValue":"Läkare","children":[]},{"name":"Vårdenhet_Namn","type":"TEXT","sampleValue":"Karolinska SV","children":[]},{"name":"Vårdenhet_Identifierare","type":"NUMBER","sampleValue":"1780","children":[]},{"name":"DisplayDateTime","type":"TEXT","sampleValue":"2024-09-27 16:23","children":[]},{"name":"DateTime","type":"TEXT","sampleValue":"2024-09-27T16:23:00Z","children":[]}]}],"postProcessorCode":"\"/* Example:\\nlet result = processor.responseData[0].data;\\n\\n// when you are done with the post-request, call processor.done(result) to finish the request\\nprocessor.done(result);\\n*/\\n\\nlet result = processor.responseData;\\nvar originalList = result;\\nvar filerByKeyworList = []\\n\\nif(originalList && originalList.length > 0) {\\n    originalList.forEach(function(item) {\\n        if(item.DateTime && item.DateTime !== undefined ) {\\n            var dateTimeArray = (item.DateTime && item.DateTime.includes(\\\"T\\\")) ? item.DateTime.split(\\\"T\\\") : [];\\n            // var date = (dateTimeArray[0] && dateTimeArray[0].includes(\\\"-\\\")) ? dateTimeArray[0].replaceAll(\\\"-\\\", \\\".\\\"): dateTimeArray[0];\\n            var date = dateTimeArray[0];\\n            var time = (dateTimeArray[1] && dateTimeArray[1].includes(\\\":\\\")) ? dateTimeArray[1].split(\\\":\\\") : [];\\n            var dateTime = date + ' ' + time[0] + ':' + time[1];\\n            item.DisplayDateTime = dateTime;\\n        }\\n    });\\n}\\n\\nvar keywordIds = api.getVariable('keywordIds');\\nvar keywordsArray = [];\\n\\n    if(keywordIds && keywordIds.value != undefined && keywordIds.value.length > 0 && originalList.length > 0) {\\n        api.callApi('RSK_CaseNote_Data', 'Get Case Note Keywords call', false)\\n            .then((response) => {\\n            console.log('Keyword API call response: ',response);\\n            keywordsArray = response;\\n            if (keywordsArray.length > 0 && originalList.length > 0) {\\n                const filterList = originalList.filter((x) => keywordsArray.some((y) => y.CompositionId === x.CompositionId));\\n                console.log('filterList: ', filterList);\\n                filerByKeyworList = filterList;\\n                processor.done(filerByKeyworList);\\n            }\\n        })\\n        .catch((e) =>\\n        processor.error(e)\\n        );\\n    } else {\\n\\n        filerByKeyworList = result;\\n        processor.done(filerByKeyworList);\\n    }\\n\\n\"","sampleResponse":[{"CompositionId":"08afc4be-82d2-42e2-ad04-433d0622a517::default::1","Tidsstämpel_för_sparat_dokument":"2024-11-05T11:34:12Z","Dokument_ID":"196607113146-38","Dokumentnamn":"Utskrivningsanteckning","Dokumentationskod":"ÖVRIGT","Dokument_skapad_av_yrkestitel_ID":"1","Dokument_skapad_av_yrkestitel_Namn":"Läkare","Vårdenhet_Namn":"Karolinska SV","Vårdenhet_Identifierare":"1780","DisplayDateTime":"2024-09-27 16:23","DateTime":"2024-09-27T16:23:00Z"},{"CompositionId":"caa79157-1930-4aed-bbd5-95abb3f01134::default::1","Tidsstämpel_för_sparat_dokument":"2024-11-06T15:28:46Z","Dokument_ID":"196607113146-61","Dokumentnamn":"Utskrivning-omvårdnad","Dokumentationskod":"ÖVRIGT","Dokument_skapad_av_yrkestitel_ID":"2","Dokument_skapad_av_yrkestitel_Namn":"Sjuksköterska","Vårdenhet_Namn":"Karolinska SV","Vårdenhet_Identifierare":"1780","DisplayDateTime":"2024-09-27 11:04","DateTime":"2024-09-27T11:04:00Z"},{"CompositionId":"9cc80662-9178-4b2e-bf69-3063107315d9::default::1","Tidsstämpel_för_sparat_dokument":"2024-09-23T11:01:49Z","Dokument_ID":"195705172590-41","Dokumentnamn":"Operationsberättelse","Dokumentationskod":"ÖVRIGT","Dokument_skapad_av_yrkestitel_ID":"1","Dokument_skapad_av_yrkestitel_Namn":"Läkare","Vårdenhet_Namn":"Karolinska SV","Vårdenhet_Identifierare":"1780","DisplayDateTime":"2024-09-23 10:56","DateTime":"2024-09-23T10:56:00Z"}]},{"name":"Get CaseNote Data API call","requestMethod":"GET","headers":[],"parameters":[],"id":"e929488f-060f-4800-8b18-7cf2da213c8c","groupTag":"","pathParameters":[{"name":"{ehrId}","value":"%ehrId%","testValue":"16ed1cce-1bbf-4fba-b20f-ccb447987f61","required":null},{"name":"{compId}","value":"%compositionId%","testValue":"df93f2ba-f46e-426b-b50d-af8fadad0781::default::1","required":null}],"pathParams":{"{ehrId}":"%ehrId%","{compId}":"%compositionId%"},"customValueSet":null,"url":"{ehrId}/RSK.View.CaseNote?compId={compId}","responseType":"json","bodyType":"JSON","response":[{"name":"value (list)","type":"LIST","sampleValue":"","children":[{"name":"CaseData","type":"TEXT","sampleValue":"<div style=\"text-indent:10px; margin-bottom:10px;\"><b>Nybesöksanteckning</b></span></div><div style=\"text-indent:20px; margin-bottom:10px;\"><b>Remittent</b></span><span>: Jenny Jensen Urolog</span></div><div style=\"text-indent:20px; margin-bottom:10px;\"><b>Kontaktorsak</b></span><span>: Prostatacancer, behandlingsdiskussion</span></div><div style=\"text-indent:20px; margin-bottom:10px;\"><b>Anamnes</b></span></div><div style=\"text-indent:30px; margin-bottom:10px;\"><b>Socialt</b></span><span>: Gift och 3 utflyttade barn. Pensionär efter ett liv i byggbranschen.</span></div><div style=\"text-indent:30px; margin-bottom:10px;\"><b>Ärftlighet</b></span><span>: Ingen känd</span></div><div style=\"text-indent:30px; margin-bottom:10px;\"><b>Tidigare sjukdomar</b></span><span>: Opererad för diskbråck 2015</span></div><div style=\"text-indent:30px; margin-bottom:10px;\"><b>Nuvarande sjukdomar</b></span><span>: Ulcerös kolit, omedicinerad, i inaktiv fas för närvarande.</span></div><div style=\"text-indent:30px; margin-bottom:10px;\"><b>Tobak</b></span><span>: Icke rökare</span></div><div style=\"text-indent:20px; margin-bottom:10px;\"><b>Aktuellt</b></span><span>: Diagnosticerad med prostatacancer 2018, nu uppgraderad efter stigande PSA med hög PSA-densitet. MR och fusionsbiopsi mot två lesioner i 34Cd respektive 2Av där man funnit 70% Gleason 4-mönster. Cancer i totalt 4 av 7 fusionsbiopsier. Systematiska biopsier med Gleason 3+4 med oklar lokalisation. Tidigare palperad u.a. Patienten har LUTS med primärt urgency och nedsatt erektil funktion.</span></div><div style=\"text-indent:20px; margin-bottom:10px;\"><b>Status</b></span></div><div style=\"text-indent:30px; margin-bottom:10px;\"><b>Allmäntillstånd</b></span><span>: Gott och opåverkat</span></div><div style=\"text-indent:30px; margin-bottom:10px;\"><b>Rektalundersökning</b></span></div><div style=\"text-indent:40px; margin-bottom:10px;\"><b>T (DRE)</b></span><span>: 2</span></div><div style=\"text-indent:40px; margin-bottom:10px;\"><b>Sida</b></span><span>: vänster</span></div><div style=\"text-indent:20px; margin-bottom:10px;\"><b>Bedömning</b></span><span>: En 72-årig man med uppgraderad prostatacancer enligt ovan. Har diskuterat strålning och kirurgi hos inremitterande. Patienten bedöms operabel på MR med vänstersidig ventral EPE 4 samt tydlig konsistensförändring på vänster sida.   Ger skriftlig information och går igenom riskerna för inkontinens och impotens som följer av robotassisterad prostatektomi. Patienten önskar ytterligare betänketid. Vi planerar höras per telefon inom två veckor för ett beslut om behandling.</span></div><div style=\"text-indent:20px; margin-bottom:10px;\"><b>Åtgärd/planering</b></span><span>: Telefonkontakt till undertecknad inom två veckor.</span></div><div style=\"text-indent:20px; margin-bottom:10px;\"><b>Diagnos enl ICD-10</b></span><span>: Diagnos enl ICD-10</span></div>","children":[]}]}],"sampleResponse":[{"CaseData":"<div style=\"text-indent:10px; margin-bottom:10px;\"><b>Nybesöksanteckning</b></span></div><div style=\"text-indent:20px; margin-bottom:10px;\"><b>Remittent</b></span><span>: Jenny Jensen Urolog</span></div><div style=\"text-indent:20px; margin-bottom:10px;\"><b>Kontaktorsak</b></span><span>: Prostatacancer, behandlingsdiskussion</span></div><div style=\"text-indent:20px; margin-bottom:10px;\"><b>Anamnes</b></span></div><div style=\"text-indent:30px; margin-bottom:10px;\"><b>Socialt</b></span><span>: Gift och 3 utflyttade barn. Pensionär efter ett liv i byggbranschen.</span></div><div style=\"text-indent:30px; margin-bottom:10px;\"><b>Ärftlighet</b></span><span>: Ingen känd</span></div><div style=\"text-indent:30px; margin-bottom:10px;\"><b>Tidigare sjukdomar</b></span><span>: Opererad för diskbråck 2015</span></div><div style=\"text-indent:30px; margin-bottom:10px;\"><b>Nuvarande sjukdomar</b></span><span>: Ulcerös kolit, omedicinerad, i inaktiv fas för närvarande.</span></div><div style=\"text-indent:30px; margin-bottom:10px;\"><b>Tobak</b></span><span>: Icke rökare</span></div><div style=\"text-indent:20px; margin-bottom:10px;\"><b>Aktuellt</b></span><span>: Diagnosticerad med prostatacancer 2018, nu uppgraderad efter stigande PSA med hög PSA-densitet. MR och fusionsbiopsi mot två lesioner i 34Cd respektive 2Av där man funnit 70% Gleason 4-mönster. Cancer i totalt 4 av 7 fusionsbiopsier. Systematiska biopsier med Gleason 3+4 med oklar lokalisation. Tidigare palperad u.a. Patienten har LUTS med primärt urgency och nedsatt erektil funktion.</span></div><div style=\"text-indent:20px; margin-bottom:10px;\"><b>Status</b></span></div><div style=\"text-indent:30px; margin-bottom:10px;\"><b>Allmäntillstånd</b></span><span>: Gott och opåverkat</span></div><div style=\"text-indent:30px; margin-bottom:10px;\"><b>Rektalundersökning</b></span></div><div style=\"text-indent:40px; margin-bottom:10px;\"><b>T (DRE)</b></span><span>: 2</span></div><div style=\"text-indent:40px; margin-bottom:10px;\"><b>Sida</b></span><span>: vänster</span></div><div style=\"text-indent:20px; margin-bottom:10px;\"><b>Bedömning</b></span><span>: En 72-årig man med uppgraderad prostatacancer enligt ovan. Har diskuterat strålning och kirurgi hos inremitterande. Patienten bedöms operabel på MR med vänstersidig ventral EPE 4 samt tydlig konsistensförändring på vänster sida.   Ger skriftlig information och går igenom riskerna för inkontinens och impotens som följer av robotassisterad prostatektomi. Patienten önskar ytterligare betänketid. Vi planerar höras per telefon inom två veckor för ett beslut om behandling.</span></div><div style=\"text-indent:20px; margin-bottom:10px;\"><b>Åtgärd/planering</b></span><span>: Telefonkontakt till undertecknad inom två veckor.</span></div><div style=\"text-indent:20px; margin-bottom:10px;\"><b>Diagnos enl ICD-10</b></span><span>: Diagnos enl ICD-10</span></div>"}]},{"name":"Get Case Note Filter API call","requestMethod":"GET","headers":[],"parameters":[],"id":"572bc255-d9d0-422d-a2c0-2f3c499a9c26","groupTag":"","pathParameters":[{"name":"{ehrId}","value":"%ehrId%","testValue":"694ca589-306f-4f7c-a62e-73e72d7ba461","required":null}],"pathParams":{"{ehrId}":"%ehrId%"},"customValueSet":null,"url":"{ehrId}/RSK.View.CaseNoteFilter","responseType":"json","bodyType":"JSON","response":[{"name":"FilterData (list)","type":"LIST","sampleValue":"","children":[{"name":"KeywordList (list)","type":"LIST","sampleValue":"","children":[{"name":"Id","type":"NUMBER","sampleValue":"4318","children":[]},{"name":"Name","type":"TEXT","sampleValue":"24-timmars blodtryckskurva","children":[]},{"name":"Dokumentationskod","type":"OBJECT","sampleValue":"","children":[{"name":"@class","type":"TEXT","sampleValue":"DV_TEXT","children":[],"parentObjectName":"Dokumentationskod"},{"name":"value","type":"TEXT","sampleValue":"BES","children":[],"parentObjectName":"Dokumentationskod"}]}]},{"name":"UserRollList (list)","type":"LIST","sampleValue":"","children":[{"name":"rollId","type":"NUMBER","sampleValue":"2","children":[]},{"name":"rollName","type":"TEXT","sampleValue":"Sjuksköterska","children":[]}]},{"name":"DocumentList (list)","type":"LIST","sampleValue":"","children":[{"name":"documentId","type":"TEXT","sampleValue":"195906113187-46","children":[]},{"name":"documentName","type":"TEXT","sampleValue":"Levnadsvanor","children":[]}]},{"name":"careUnitList (list)","type":"LIST","sampleValue":"","children":[{"name":"careUnitId","type":"TEXT","sampleValue":"CareUnitID","children":[]},{"name":"careUnitName","type":"TEXT","sampleValue":"Karolinska ÖV","children":[]}]},{"name":"MinDate","type":"TEXT","sampleValue":"2019-06-30T11:35:00.000Z","children":[]},{"name":"MaxDate","type":"TEXT","sampleValue":"2024-11-06T15:46:00.000Z","children":[]}]}],"sampleResponse":{"FilterData":[{"KeywordList":[{"Id":"4318","Name":"24-timmars blodtryckskurva","Dokumentationskod":{"@class":"DV_TEXT","value":"BES"}},{"Id":"3304","Name":"ADL- personlig vård","Dokumentationskod":{"@class":"DV_TEXT","value":"ÖVRIGT"}},{"Id":"1820","Name":"Aktivitet","Dokumentationskod":{"@class":"DV_TEXT","value":"ÖVRIGT"}}],"UserRollList":[{"rollId":"2","rollName":"Sjuksköterska"},{"rollId":"1","rollName":"Läkare"}],"DocumentList":[{"documentId":"195906113187-46","documentName":"Levnadsvanor"},{"documentId":"195207291591-57","documentName":"Operationsberättelse"},{"documentId":"201402192387-48","documentName":"Nybesök Vårdcentral"}],"careUnitList":[{"careUnitId":"CareUnitID","careUnitName":"Karolinska ÖV"},{"careUnitId":"CareUnitID","careUnitName":"Karolinska SV"},{"careUnitId":"CareUnitID","careUnitName":"Privat ÖV"}],"MinDate":"2019-06-30T11:35:00.000Z","MaxDate":"2024-11-06T15:46:00.000Z"}]}},{"name":"Get Case Note Json API call","requestMethod":"GET","headers":[],"parameters":[],"id":"1865fd7f-db41-4c50-9fcd-bedaeb64a053","groupTag":"","pathParameters":[{"name":"{ehr}","value":"%ehrId%","testValue":"5bf45d0f-3237-4e01-8df9-f331b4029d97","required":null},{"name":"{compId}","value":"%compositionId%","testValue":"e40a7261-dec6-4ff1-a67a-c5330c9bd8f9::default::1","required":null}],"pathParams":{"{ehr}":"%ehrId%","{compId}":"%compositionId%"},"customValueSet":null,"url":"{ehr}/RSK.View.CaseNote.Json?compId={compId}","responseType":"json","bodyType":"JSON","response":[{"name":"value (list)","type":"LIST","sampleValue":"","children":[{"name":"CaseDataHtml","type":"TEXT","sampleValue":"<div style=\"margin-bottom:20px;\"><span style=\"color: blue;\">2024-08-29 12:03:48&nbsp;&nbsp;&nbsp;Claudia Ehrentraut&nbsp;&nbsp;&nbsp;Läkare&nbsp;&nbsp;&nbsp;Karolinska ÖV&nbsp;&nbsp;&nbsp;(Signerad)</div></span><div style=\"padding-left:\"10\"px;\"><div style=\"margin-bottom:\"10\"px;\"><b>Remiss</b></div></div><div style=\"padding-left:\"20\"px;\"><div style=\"margin-bottom:\"10\"px;\"><b>Remissorsak</b><span>: Mellan-/högrisk prostatacancer<br><br></span></div></div><div style=\"padding-left:\"20\"px;\"><div style=\"margin-bottom:\"10\"px;\"><b>Tid/nuv.sjukdomar</b><span>: Ulcerös kolit utan aktuell medicinering. Tidigare opererad för diskbråck.<br><br></span></div></div><div style=\"padding-left:\"20\"px;\"><div style=\"margin-bottom:\"10\"px;\"><b>Prostatacancerstatus</b></div></div><div style=\"padding-left:\"30\"px;\"><div style=\"margin-bottom:\"10\"px;\"><b>Prostatacancer</b><span>: Uppgraderad</span></div></div><div style=\"padding-left:\"30\"px;\"><div style=\"margin-bottom:\"10\"px;\"><b>DRE</b><span>: T1c</span></div></div><div style=\"padding-left:\"30\"px;\"><div style=\"margin-bottom:\"10\"px;\"><b>N</b><span>: 0</span></div></div><div style=\"padding-left:\"30\"px;\"><div style=\"margin-bottom:\"10\"px;\"><b>PSA-värde</b><span>: 20 µg/L</span></div></div><div style=\"padding-left:\"30\"px;\"><div style=\"margin-bottom:\"10\"px;\"><b>Prostatavolym</b><span>: 43 cm3</span></div></div><div style=\"padding-left:\"30\"px;\"><div style=\"margin-bottom:\"10\"px;\"><b>PSA-densitet</b><span>: 0.46 µg/l/cm3</span></div></div><div style=\"padding-left:\"30\"px;\"><div style=\"margin-bottom:\"10\"px;\"><b>ISUP</b><span>: 3</span></div></div><div style=\"padding-left:\"30\"px;\"><div style=\"margin-bottom:\"10\"px;\"><b>Andel Gleason >= 4</b><span>: 70 %</span></div></div><div style=\"padding-left:\"20\"px;\"><div style=\"margin-bottom:\"10\"px;\"><b>Övergripande information från MR</b></div></div><div style=\"padding-left:\"30\"px;\"><div style=\"margin-bottom:\"10\"px;\"><b>Datum för senaste MR undersökning</b><span>: 202405159999</span></div></div><div style=\"padding-left:\"20\"px;\"><div style=\"margin-bottom:\"10\"px;\"><b>Lesioner prostata</b></div></div><div style=\"padding-left:\"30\"px;\"><div style=\"margin-bottom:\"10\"px;\"><b>Lesion</b><span>: 1</span></div></div><div style=\"padding-left:\"30\"px;\"><div style=\"margin-bottom:\"10\"px;\"><b>Sektor</b><span>: 34Cd</span></div></div><div style=\"padding-left:\"30\"px;\"><div style=\"margin-bottom:\"10\"px;\"><b>PI-RADS</b><span>: 5</span></div></div><div style=\"padding-left:\"30\"px;\"><div style=\"margin-bottom:\"10\"px;\"><b>Storlek (bxdxh)</b><span>: 4x7x2</span></div></div><div style=\"padding-left:\"30\"px;\"><div style=\"margin-bottom:\"10\"px;\"><b>EPE</b><span>: 4</span></div></div><div style=\"padding-left:\"30\"px;\"><div style=\"margin-bottom:\"10\"px;\"><b>SVI</b><span>: 1</span></div></div><div style=\"padding-left:\"30\"px;\"><div style=\"margin-bottom:\"10\"px;\"><b>Nedre sfinkter</b><span>: 3</span></div></div><div style=\"padding-left:\"30\"px;\"><div style=\"margin-bottom:\"10\"px;\"><b>Blåshals</b><span>: 1</span></div></div><div style=\"padding-left:\"30\"px;\"><div style=\"margin-bottom:\"10\"px;\"><b>ISUP</b><span>: 3</span></div></div><div style=\"padding-left:\"30\"px;\"><div style=\"margin-bottom:\"10\"px;\"><b>Antal biopsier</b><span>: 4</span></div></div><div style=\"padding-left:\"30\"px;\"><div style=\"margin-bottom:\"10\"px;\"><b>Antal biopsier med cancer</b><span>: 3</span></div></div><div style=\"padding-left:\"30\"px;\"><div style=\"margin-bottom:\"10\"px;\"><b>Längsta cancer</b><span>: 6 mm</span></div></div><div style=\"padding-left:\"20\"px;\"><div style=\"margin-bottom:\"10\"px;\"><b>Lesioner prostata</b></div></div><div style=\"padding-left:\"30\"px;\"><div style=\"margin-bottom:\"10\"px;\"><b>Lesion</b><span>: 2</span></div></div><div style=\"padding-left:\"30\"px;\"><div style=\"margin-bottom:\"10\"px;\"><b>Sektor</b><span>: 2Av</span></div></div><div style=\"padding-left:\"30\"px;\"><div style=\"margin-bottom:\"10\"px;\"><b>PI-RADS</b><span>: 4</span></div></div><div style=\"padding-left:\"30\"px;\"><div style=\"margin-bottom:\"10\"px;\"><b>Storlek (bxdxh)</b><span>: 2x3x4</span></div></div><div style=\"padding-left:\"30\"px;\"><div style=\"margin-bottom:\"10\"px;\"><b>EPE</b><span>: 3</span></div></div><div style=\"padding-left:\"30\"px;\"><div style=\"margin-bottom:\"10\"px;\"><b>SVI</b><span>: 2</span></div></div><div style=\"padding-left:\"30\"px;\"><div style=\"margin-bottom:\"10\"px;\"><b>Nedre sfinkter</b><span>: 1</span></div></div><div style=\"padding-left:\"30\"px;\"><div style=\"margin-bottom:\"10\"px;\"><b>Blåshals</b><span>: 4</span></div></div><div style=\"padding-left:\"30\"px;\"><div style=\"margin-bottom:\"10\"px;\"><b>ISUP</b><span>: 2</span></div></div><div style=\"padding-left:\"30\"px;\"><div style=\"margin-bottom:\"10\"px;\"><b>Antal biopsier</b><span>: 3</span></div></div><div style=\"padding-left:\"30\"px;\"><div style=\"margin-bottom:\"10\"px;\"><b>Antal biopsier med cancer</b><span>: 1</span></div></div><div style=\"padding-left:\"30\"px;\"><div style=\"margin-bottom:\"10\"px;\"><b>Längsta cancer</b><span>: 2 mm</span></div></div><div style=\"padding-left:\"20\"px;\"><div style=\"margin-bottom:\"10\"px;\"><b>Systematisk biopsiomgång</b></div></div><div style=\"padding-left:\"30\"px;\"><div style=\"margin-bottom:\"10\"px;\"><b>Datum för biopsi</b><span>: 202402019999</span></div></div><div style=\"padding-left:\"30\"px;\"><div style=\"margin-bottom:\"10\"px;\"><b>Biopsimetod</b><span>: transrektal</span></div></div><div style=\"padding-left:\"30\"px;\"><div style=\"margin-bottom:\"10\"px;\"><b>ISUP</b><span>: 2</span></div></div><div style=\"padding-left:\"30\"px;\"><div style=\"margin-bottom:\"10\"px;\"><b>Antal biopsier</b><span>: 12</span></div></div><div style=\"padding-left:\"30\"px;\"><div style=\"margin-bottom:\"10\"px;\"><b>Antal biopsier med cancer</b><span>: 3</span></div></div><div style=\"padding-left:\"30\"px;\"><div style=\"margin-bottom:\"10\"px;\"><b>Längsta cancer</b><span>: 4 mm</span></div></div><div style=\"padding-left:\"30\"px;\"><div style=\"margin-bottom:\"10\"px;\"><b>Total cancerlängd</b><span>: 7 mm</span></div></div><div style=\"padding-left:\"30\"px;\"><div style=\"margin-bottom:\"10\"px;\"><b>Total biopsilängd</b><span>: 141 mm</span></div></div><div style=\"padding-left:\"30\"px;\"><div style=\"margin-bottom:\"10\"px;\"><b>Andel cancer</b><span>: 0.05 %</span></div></div><div style=\"padding-left:\"20\"px;\"><div style=\"margin-bottom:\"10\"px;\"><b>Positiva systematiska biopsier prostata</b></div></div><div style=\"padding-left:\"30\"px;\"><div style=\"margin-bottom:\"10\"px;\"><b>Biopsi</b><span>: 1</span></div></div><div style=\"padding-left:\"30\"px;\"><div style=\"margin-bottom:\"10\"px;\"><b>Sektor</b><span>: 3Cd</span></div></div><div style=\"padding-left:\"30\"px;\"><div style=\"margin-bottom:\"10\"px;\"><b>ISUP</b><span>: 2</span></div></div><div style=\"padding-left:\"30\"px;\"><div style=\"margin-bottom:\"10\"px;\"><b>Cancerlängd</b><span>: 4 mm</span></div></div><div style=\"padding-left:\"30\"px;\"><div style=\"margin-bottom:\"10\"px;\"><b>Biopsilängd</b><span>: 12 mm</span></div></div><div style=\"padding-left:\"20\"px;\"><div style=\"margin-bottom:\"10\"px;\"><b>Positiva systematiska biopsier prostata</b></div></div><div style=\"padding-left:\"30\"px;\"><div style=\"margin-bottom:\"10\"px;\"><b>Biopsi</b><span>: 2</span></div></div><div style=\"padding-left:\"30\"px;\"><div style=\"margin-bottom:\"10\"px;\"><b>Sektor</b><span>: 1Ad</span></div></div><div style=\"padding-left:\"30\"px;\"><div style=\"margin-bottom:\"10\"px;\"><b>ISUP</b><span>: 1</span></div></div><div style=\"padding-left:\"30\"px;\"><div style=\"margin-bottom:\"10\"px;\"><b>Cancerlängd</b><span>: 2 mm</span></div></div><div style=\"padding-left:\"30\"px;\"><div style=\"margin-bottom:\"10\"px;\"><b>Biopsilängd</b><span>: 15 mm</span></div></div><div style=\"padding-left:\"20\"px;\"><div style=\"margin-bottom:\"10\"px;\"><b>Positiva systematiska biopsier prostata</b></div></div><div style=\"padding-left:\"30\"px;\"><div style=\"margin-bottom:\"10\"px;\"><b>Biopsi</b><span>: 3</span></div></div><div style=\"padding-left:\"30\"px;\"><div style=\"margin-bottom:\"10\"px;\"><b>Sektor</b><span>: 2Bd</span></div></div><div style=\"padding-left:\"30\"px;\"><div style=\"margin-bottom:\"10\"px;\"><b>ISUP</b><span>: 1</span></div></div><div style=\"padding-left:\"30\"px;\"><div style=\"margin-bottom:\"10\"px;\"><b>Cancerlängd</b><span>: 1 mm</span></div></div><div style=\"padding-left:\"30\"px;\"><div style=\"margin-bottom:\"10\"px;\"><b>Biopsilängd</b><span>: 9 mm</span></div></div><div style=\"padding-left:\"20\"px;\"><div style=\"margin-bottom:\"10\"px;\"><b>LUTS</b><span>: Ja</span></div></div><div style=\"padding-left:\"20\"px;\"><div style=\"margin-bottom:\"10\"px;\"><b>Totalpoäng I-PSS</b><span>: 30 av 35 poäng</span></div></div><div style=\"padding-left:\"20\"px;\"><div style=\"margin-bottom:\"10\"px;\"><b>Bother score I-PSS</b><span>: 3 av 5 poäng</span></div></div><div style=\"padding-left:\"20\"px;\"><div style=\"margin-bottom:\"10\"px;\"><b>Erektil dysfunktion (ED)</b><span>: Ja</span></div></div><div style=\"padding-left:\"20\"px;\"><div style=\"margin-bottom:\"10\"px;\"><b>Totalpoäng IIEF-5</b><span>: 10 av 25 poäng</span></div></div><div style=\"padding-left:\"20\"px;\"><div style=\"margin-bottom:\"10\"px;\"><b>Antikoagulantia</b><span>: Nej</span></div></div>","children":[]}]}],"postProcessorCode":"\"/* Example:\\nlet result = processor.responseData[0].data;\\n\\n// when you are done with the post-request, call processor.done(result) to finish the request\\nprocessor.done(result);\\n*/\\n\\nlet result = processor.responseData;\\nvar caseDataResult = [];\\nif(result.KeywordData && result.KeywordData.length > 0) {\\n    if(result.CaseNoteHtml == undefined || result.CaseNoteHtml == \\\"\\\") {\\n        caseDataResult = constructKeywordSturture(result.KeywordData);\\n    }\\n    else {\\n        var caseNoteData = [];\\n        caseDataResult = caseNoteData.push({'CaseDataHtml': result.CaseNoteHtml});\\n        api.setVariableValue('htmlResponse', result.CaseNoteHtml);\\n        api.setFieldValue('HtmlData', result.CaseNoteHtml);\\n    }\\n\\n    function constructKeywordSturture(keywordData) {\\n        var originalKeywordDataArray = keywordData;\\n        var parentData = originalKeywordDataArray.filter((item) => item.ChildNode.length > 0);\\n        var sortedParentData = parentData.sort((a, b) => b.Level - a.Level);\\n        let html = '';\\n        var htmlParentArray = [];\\n        let childHtml = '';\\n        sortedParentData.forEach(function(parent, parentIndex) {\\n                if(parent.Html == \\\"\\\"){\\n                    parent.Value = parent.Value ? getKeywordValue(parent.Value) : null;\\n                    parent = addHtmlValue(parent);\\n                }\\n                html += parent.Html;\\n                \\n                if(parent.ChildNode && parent.ChildNode.length > 0) {\\n                    parent.ChildNode.forEach(function(childLink, childIndex) {\\n                        if(childLink.Html == undefined){\\n                            // var childNode = originalKeywordDataArray.filter((item) => item.EntryUid === getChildNodeId(childLink))[0];\\n                            if(originalKeywordDataArray.some(per => per.EntryUid === getChildNodeId(childLink))){\\n                                var childNode = originalKeywordDataArray.filter((item) => item.EntryUid === getChildNodeId(childLink))[0];\\n                                childNode.Value = childNode.Value ? getKeywordValue(childNode.Value) : null;\\n                                childNode = addHtmlValue(childNode);\\n                                parent.ChildNode.splice(childIndex, 1, childNode);\\n                            // }\\n                        // var childNode = originalKeywordDataArray.filter((item) => item.EntryUid === getChildNodeId(childLink))[0];\\n                            // html += childNode.Html;\\n                                if(htmlParentArray.some(per => per.parentHtml == childNode.Html)){\\n                                    // var foundItem = htmlParentArray.filter((item) => item.parentHtml == childNode.Html)[0];\\n                                    var foundItem = htmlParentArray.filter((item) => item.parentHtml == childNode.Html && item.parentEntryUid == childNode.EntryUid);\\n                                    if(foundItem && foundItem.length > 0) {\\n                                        foundItem.forEach(function(item) {\\n                                            childHtml += item.parentHtml + item.childHtml;\\n                                        });\\n                                    }\\n                                    \\n                                    // childHtml += foundItem.parentHtml + foundItem.childHtml;\\n                                } else {\\n                                    childHtml += childNode.Html;\\n                                }\\n                            }\\n                        }\\n                    });\\n                }\\n                htmlParentArray.push({parentLevel: parent.Level, parentEntryUid: parent.EntryUid, parentHtml: parent.Html, childHtml: childHtml});\\n                childHtml = '';\\n        });\\n        var caseNoteData = [];\\n        var caseNoteJsonData = sortedParentData.filter((item) => item.Level == 1);\\n        var filterParentArray = htmlParentArray.filter((item) => item.parentLevel == 1)[0];\\n        var parentHtmlData = getContextString() + filterParentArray.parentHtml + filterParentArray.childHtml;\\n        caseNoteData.push({'CaseDataHtml': parentHtmlData});\\n        result.CaseNoteHtml = parentHtmlData;\\n        return caseNoteData;\\n        // return htmlParentArray;\\n    }\\n\\n    function getKeywordValue(Value){\\n        if(Value.value) {\\n            return addLineBreak(Value.value);\\n        } else {\\n            return Value.magnitude + ' ' + Value.units;\\n        }\\n    }\\n\\n    function getChildNodeId(childLink) {\\n        if(childLink && childLink != undefined){\\n            return childLink.split(\\\"ehr://\\\")[1];\\n        }\\n        return '';\\n    }\\n\\n    function addHtmlValue(keyword) {\\n        var styleAttr = 'style=' + '\\\"padding-left:\\\"'+ keyword.Level * 10 + '\\\"px;\\\"';\\n         var styleMarginAttr = 'style=' + '\\\"margin-bottom:\\\"' + 10 + '\\\"px;\\\"';\\n        if(keyword && keyword.ChildNode && keyword.ChildNode.length > 0) {\\n            let html = '<div ' + styleAttr + '><div ' + styleMarginAttr + '><b>' + keyword.Name + '</b>';\\n            if(keyword.Value != null) { \\n                html += '<span>: ' + keyword.Value + '</span>';\\n            }\\n            if (keyword.Comment != null) {\\n                html += '<span>: ' + keyword.Comment + '</span>';\\n            }\\n            html += '</div></div>';\\n            keyword.Html = keyword.Html !== \\\"\\\" ? keyword.Html: html;\\n        } else {\\n            let html = '<div ' + styleAttr + '><div ' + styleMarginAttr + '><b>' + keyword.Name + '</b>';\\n            if(keyword.Value != null) { \\n                html += '<span>: ' + keyword.Value + '</span>';\\n            } \\n            if (keyword.Comment != null) {\\n                html += '<span>: ' + keyword.Comment + '</span>';\\n            }\\n            html += '</div></div>';\\n            keyword.Html = html;\\n        }\\n        return keyword;\\n    }\\n\\n}\\n\\nfunction addLineBreak(value){\\n    return value.includes('\\\\n') ? value.replace(/\\\\n/g, '<br>') : value;\\n}\\n\\nfunction getContextString(){\\n    let contextString = '';\\n     var styleAttr = 'style=' + '\\\"margin-bottom: 20px;\\\"';\\n     var styleAttrColor = 'style=' + '\\\"color: blue;\\\"';\\n     var userData = [\\n        {\\\"TakeCareUserID\\\": \\\"198504056782\\\",\\\"TakeCareUserName\\\": \\\"Claudia Ehrentraut\\\"},\\n        {\\\"TakeCareUserID\\\": \\\"197803070189\\\",\\\"TakeCareUserName\\\": \\\"Anna-Maria Nygren\\\"},\\n        {\\\"TakeCareUserID\\\": \\\"198407031684\\\",\\\"TakeCareUserName\\\": \\\"Henna Hybinette\\\"},\\n        {\\\"TakeCareUserID\\\": \\\"197005050393\\\",\\\"TakeCareUserName\\\": \\\"Tom Backman\\\"},\\n        {\\\"TakeCareUserID\\\": \\\"195906300149\\\",\\\"TakeCareUserName\\\": \\\"Susanne Bergenbrant Glas\\\"},\\n    ]; \\n    if(result.ContextData && result.ContextData.length > 0) {\\n        if(result.ContextData[0].Tidsstämpel_för_sparat_dokument){\\n            var date = result.ContextData[0].Tidsstämpel_för_sparat_dokument.split('T');\\n            var time = date[1].split('Z');\\n            var documentDate = date[0] + ' ' + time[0];\\n        }\\n        let userName = '';\\n        if(result.ContextData[0].Dokumentskaparens_användar_ID){\\n            if (userData.some(x => x.TakeCareUserID == result.ContextData[0].Dokumentskaparens_användar_ID)){\\n                userName = userData.filter(x => x.TakeCareUserID == result.ContextData[0].Dokumentskaparens_användar_ID)[0].TakeCareUserName;\\n            } else {\\n                userName = 'Unknown User';\\n            }\\n        } \\n        contextString += '<div style=' + '\\\"margin-bottom:20px;\\\"><span '+ styleAttrColor +'>';\\n        contextString += documentDate + '&nbsp;&nbsp;&nbsp;';\\n        contextString += userName + '&nbsp;&nbsp;&nbsp;';\\n        contextString += result.ContextData[0].Dokument_skapad_av_yrkestitel_Namn + '&nbsp;&nbsp;&nbsp;';\\n        contextString += result.ContextData[0].Vårdenhet_Namn + '&nbsp;&nbsp;&nbsp;';\\n        contextString += result.ContextData[0].Signerare_ID ? '(Signerad)' : '(Osignerad)';\\n        contextString += '</div></span>';\\n    }\\n    return contextString;\\n}\\n\\nprocessor.done(caseDataResult);\\nprocessor.done(result);/* Example:\\nlet result = processor.responseData[0].data;\\n\\n// when you are done with the post-request, call processor.done(result) to finish the request\\nprocessor.done(result);\\n*/\"","sampleResponse":[{"CaseDataHtml":"<div style=\"margin-bottom:20px;\"><span style=\"color: blue;\">2024-08-29 12:03:48&nbsp;&nbsp;&nbsp;Claudia Ehrentraut&nbsp;&nbsp;&nbsp;Läkare&nbsp;&nbsp;&nbsp;Karolinska ÖV&nbsp;&nbsp;&nbsp;(Signerad)</div></span><div style=\"padding-left:\"10\"px;\"><div style=\"margin-bottom:\"10\"px;\"><b>Remiss</b></div></div><div style=\"padding-left:\"20\"px;\"><div style=\"margin-bottom:\"10\"px;\"><b>Remissorsak</b><span>: Mellan-/högrisk prostatacancer<br><br></span></div></div><div style=\"padding-left:\"20\"px;\"><div style=\"margin-bottom:\"10\"px;\"><b>Tid/nuv.sjukdomar</b><span>: Ulcerös kolit utan aktuell medicinering. Tidigare opererad för diskbråck.<br><br></span></div></div><div style=\"padding-left:\"20\"px;\"><div style=\"margin-bottom:\"10\"px;\"><b>Prostatacancerstatus</b></div></div><div style=\"padding-left:\"30\"px;\"><div style=\"margin-bottom:\"10\"px;\"><b>Prostatacancer</b><span>: Uppgraderad</span></div></div><div style=\"padding-left:\"30\"px;\"><div style=\"margin-bottom:\"10\"px;\"><b>DRE</b><span>: T1c</span></div></div><div style=\"padding-left:\"30\"px;\"><div style=\"margin-bottom:\"10\"px;\"><b>N</b><span>: 0</span></div></div><div style=\"padding-left:\"30\"px;\"><div style=\"margin-bottom:\"10\"px;\"><b>PSA-värde</b><span>: 20 µg/L</span></div></div><div style=\"padding-left:\"30\"px;\"><div style=\"margin-bottom:\"10\"px;\"><b>Prostatavolym</b><span>: 43 cm3</span></div></div><div style=\"padding-left:\"30\"px;\"><div style=\"margin-bottom:\"10\"px;\"><b>PSA-densitet</b><span>: 0.46 µg/l/cm3</span></div></div><div style=\"padding-left:\"30\"px;\"><div style=\"margin-bottom:\"10\"px;\"><b>ISUP</b><span>: 3</span></div></div><div style=\"padding-left:\"30\"px;\"><div style=\"margin-bottom:\"10\"px;\"><b>Andel Gleason >= 4</b><span>: 70 %</span></div></div><div style=\"padding-left:\"20\"px;\"><div style=\"margin-bottom:\"10\"px;\"><b>Övergripande information från MR</b></div></div><div style=\"padding-left:\"30\"px;\"><div style=\"margin-bottom:\"10\"px;\"><b>Datum för senaste MR undersökning</b><span>: 202405159999</span></div></div><div style=\"padding-left:\"20\"px;\"><div style=\"margin-bottom:\"10\"px;\"><b>Lesioner prostata</b></div></div><div style=\"padding-left:\"30\"px;\"><div style=\"margin-bottom:\"10\"px;\"><b>Lesion</b><span>: 1</span></div></div><div style=\"padding-left:\"30\"px;\"><div style=\"margin-bottom:\"10\"px;\"><b>Sektor</b><span>: 34Cd</span></div></div><div style=\"padding-left:\"30\"px;\"><div style=\"margin-bottom:\"10\"px;\"><b>PI-RADS</b><span>: 5</span></div></div><div style=\"padding-left:\"30\"px;\"><div style=\"margin-bottom:\"10\"px;\"><b>Storlek (bxdxh)</b><span>: 4x7x2</span></div></div><div style=\"padding-left:\"30\"px;\"><div style=\"margin-bottom:\"10\"px;\"><b>EPE</b><span>: 4</span></div></div><div style=\"padding-left:\"30\"px;\"><div style=\"margin-bottom:\"10\"px;\"><b>SVI</b><span>: 1</span></div></div><div style=\"padding-left:\"30\"px;\"><div style=\"margin-bottom:\"10\"px;\"><b>Nedre sfinkter</b><span>: 3</span></div></div><div style=\"padding-left:\"30\"px;\"><div style=\"margin-bottom:\"10\"px;\"><b>Blåshals</b><span>: 1</span></div></div><div style=\"padding-left:\"30\"px;\"><div style=\"margin-bottom:\"10\"px;\"><b>ISUP</b><span>: 3</span></div></div><div style=\"padding-left:\"30\"px;\"><div style=\"margin-bottom:\"10\"px;\"><b>Antal biopsier</b><span>: 4</span></div></div><div style=\"padding-left:\"30\"px;\"><div style=\"margin-bottom:\"10\"px;\"><b>Antal biopsier med cancer</b><span>: 3</span></div></div><div style=\"padding-left:\"30\"px;\"><div style=\"margin-bottom:\"10\"px;\"><b>Längsta cancer</b><span>: 6 mm</span></div></div><div style=\"padding-left:\"20\"px;\"><div style=\"margin-bottom:\"10\"px;\"><b>Lesioner prostata</b></div></div><div style=\"padding-left:\"30\"px;\"><div style=\"margin-bottom:\"10\"px;\"><b>Lesion</b><span>: 2</span></div></div><div style=\"padding-left:\"30\"px;\"><div style=\"margin-bottom:\"10\"px;\"><b>Sektor</b><span>: 2Av</span></div></div><div style=\"padding-left:\"30\"px;\"><div style=\"margin-bottom:\"10\"px;\"><b>PI-RADS</b><span>: 4</span></div></div><div style=\"padding-left:\"30\"px;\"><div style=\"margin-bottom:\"10\"px;\"><b>Storlek (bxdxh)</b><span>: 2x3x4</span></div></div><div style=\"padding-left:\"30\"px;\"><div style=\"margin-bottom:\"10\"px;\"><b>EPE</b><span>: 3</span></div></div><div style=\"padding-left:\"30\"px;\"><div style=\"margin-bottom:\"10\"px;\"><b>SVI</b><span>: 2</span></div></div><div style=\"padding-left:\"30\"px;\"><div style=\"margin-bottom:\"10\"px;\"><b>Nedre sfinkter</b><span>: 1</span></div></div><div style=\"padding-left:\"30\"px;\"><div style=\"margin-bottom:\"10\"px;\"><b>Blåshals</b><span>: 4</span></div></div><div style=\"padding-left:\"30\"px;\"><div style=\"margin-bottom:\"10\"px;\"><b>ISUP</b><span>: 2</span></div></div><div style=\"padding-left:\"30\"px;\"><div style=\"margin-bottom:\"10\"px;\"><b>Antal biopsier</b><span>: 3</span></div></div><div style=\"padding-left:\"30\"px;\"><div style=\"margin-bottom:\"10\"px;\"><b>Antal biopsier med cancer</b><span>: 1</span></div></div><div style=\"padding-left:\"30\"px;\"><div style=\"margin-bottom:\"10\"px;\"><b>Längsta cancer</b><span>: 2 mm</span></div></div><div style=\"padding-left:\"20\"px;\"><div style=\"margin-bottom:\"10\"px;\"><b>Systematisk biopsiomgång</b></div></div><div style=\"padding-left:\"30\"px;\"><div style=\"margin-bottom:\"10\"px;\"><b>Datum för biopsi</b><span>: 202402019999</span></div></div><div style=\"padding-left:\"30\"px;\"><div style=\"margin-bottom:\"10\"px;\"><b>Biopsimetod</b><span>: transrektal</span></div></div><div style=\"padding-left:\"30\"px;\"><div style=\"margin-bottom:\"10\"px;\"><b>ISUP</b><span>: 2</span></div></div><div style=\"padding-left:\"30\"px;\"><div style=\"margin-bottom:\"10\"px;\"><b>Antal biopsier</b><span>: 12</span></div></div><div style=\"padding-left:\"30\"px;\"><div style=\"margin-bottom:\"10\"px;\"><b>Antal biopsier med cancer</b><span>: 3</span></div></div><div style=\"padding-left:\"30\"px;\"><div style=\"margin-bottom:\"10\"px;\"><b>Längsta cancer</b><span>: 4 mm</span></div></div><div style=\"padding-left:\"30\"px;\"><div style=\"margin-bottom:\"10\"px;\"><b>Total cancerlängd</b><span>: 7 mm</span></div></div><div style=\"padding-left:\"30\"px;\"><div style=\"margin-bottom:\"10\"px;\"><b>Total biopsilängd</b><span>: 141 mm</span></div></div><div style=\"padding-left:\"30\"px;\"><div style=\"margin-bottom:\"10\"px;\"><b>Andel cancer</b><span>: 0.05 %</span></div></div><div style=\"padding-left:\"20\"px;\"><div style=\"margin-bottom:\"10\"px;\"><b>Positiva systematiska biopsier prostata</b></div></div><div style=\"padding-left:\"30\"px;\"><div style=\"margin-bottom:\"10\"px;\"><b>Biopsi</b><span>: 1</span></div></div><div style=\"padding-left:\"30\"px;\"><div style=\"margin-bottom:\"10\"px;\"><b>Sektor</b><span>: 3Cd</span></div></div><div style=\"padding-left:\"30\"px;\"><div style=\"margin-bottom:\"10\"px;\"><b>ISUP</b><span>: 2</span></div></div><div style=\"padding-left:\"30\"px;\"><div style=\"margin-bottom:\"10\"px;\"><b>Cancerlängd</b><span>: 4 mm</span></div></div><div style=\"padding-left:\"30\"px;\"><div style=\"margin-bottom:\"10\"px;\"><b>Biopsilängd</b><span>: 12 mm</span></div></div><div style=\"padding-left:\"20\"px;\"><div style=\"margin-bottom:\"10\"px;\"><b>Positiva systematiska biopsier prostata</b></div></div><div style=\"padding-left:\"30\"px;\"><div style=\"margin-bottom:\"10\"px;\"><b>Biopsi</b><span>: 2</span></div></div><div style=\"padding-left:\"30\"px;\"><div style=\"margin-bottom:\"10\"px;\"><b>Sektor</b><span>: 1Ad</span></div></div><div style=\"padding-left:\"30\"px;\"><div style=\"margin-bottom:\"10\"px;\"><b>ISUP</b><span>: 1</span></div></div><div style=\"padding-left:\"30\"px;\"><div style=\"margin-bottom:\"10\"px;\"><b>Cancerlängd</b><span>: 2 mm</span></div></div><div style=\"padding-left:\"30\"px;\"><div style=\"margin-bottom:\"10\"px;\"><b>Biopsilängd</b><span>: 15 mm</span></div></div><div style=\"padding-left:\"20\"px;\"><div style=\"margin-bottom:\"10\"px;\"><b>Positiva systematiska biopsier prostata</b></div></div><div style=\"padding-left:\"30\"px;\"><div style=\"margin-bottom:\"10\"px;\"><b>Biopsi</b><span>: 3</span></div></div><div style=\"padding-left:\"30\"px;\"><div style=\"margin-bottom:\"10\"px;\"><b>Sektor</b><span>: 2Bd</span></div></div><div style=\"padding-left:\"30\"px;\"><div style=\"margin-bottom:\"10\"px;\"><b>ISUP</b><span>: 1</span></div></div><div style=\"padding-left:\"30\"px;\"><div style=\"margin-bottom:\"10\"px;\"><b>Cancerlängd</b><span>: 1 mm</span></div></div><div style=\"padding-left:\"30\"px;\"><div style=\"margin-bottom:\"10\"px;\"><b>Biopsilängd</b><span>: 9 mm</span></div></div><div style=\"padding-left:\"20\"px;\"><div style=\"margin-bottom:\"10\"px;\"><b>LUTS</b><span>: Ja</span></div></div><div style=\"padding-left:\"20\"px;\"><div style=\"margin-bottom:\"10\"px;\"><b>Totalpoäng I-PSS</b><span>: 30 av 35 poäng</span></div></div><div style=\"padding-left:\"20\"px;\"><div style=\"margin-bottom:\"10\"px;\"><b>Bother score I-PSS</b><span>: 3 av 5 poäng</span></div></div><div style=\"padding-left:\"20\"px;\"><div style=\"margin-bottom:\"10\"px;\"><b>Erektil dysfunktion (ED)</b><span>: Ja</span></div></div><div style=\"padding-left:\"20\"px;\"><div style=\"margin-bottom:\"10\"px;\"><b>Totalpoäng IIEF-5</b><span>: 10 av 25 poäng</span></div></div><div style=\"padding-left:\"20\"px;\"><div style=\"margin-bottom:\"10\"px;\"><b>Antikoagulantia</b><span>: Nej</span></div></div>"}]},{"name":"Get Case Note Keywords call","requestMethod":"GET","headers":[],"parameters":[],"id":"3e174d07-5fc6-4a62-8e06-51c83dcb2f22","groupTag":"","pathParameters":[{"name":"{ehrId}","value":"%ehrId%","testValue":"16ed1cce-1bbf-4fba-b20f-ccb447987f61","required":null},{"name":"{keywordIds}","value":"","testValue":"220","required":null}],"pathParams":{"{ehrId}":"%ehrId%","{keywordIds}":""},"customValueSet":null,"url":"{ehrId}/RSK.View.Keywords?keywordIds={keywordIds}","responseType":"json","bodyType":"JSON","response":[{"name":"value (list)","type":"LIST","sampleValue":"","children":[{"name":"Id","type":"NUMBER","sampleValue":"220","children":[]},{"name":"Name","type":"TEXT","sampleValue":"Meaure/planning","children":[]},{"name":"CompositionId","type":"TEXT","sampleValue":"8aeb3cd0-1a8f-4aa0-92ff-8f0497016a03::default::1","children":[]}]}],"sampleResponse":[{"Id":"220","Name":"Meaure/planning","CompositionId":"8aeb3cd0-1a8f-4aa0-92ff-8f0497016a03::default::1"},{"Id":"220","Name":"Meaure/planning","CompositionId":"837e9354-3001-4227-90d0-09f5b9abd4aa::default::1"},{"Id":"220","Name":"Åtgärd/planering","CompositionId":"dc67bb0c-4740-45c9-9ade-59b6f3c82bc0::default::1"}]}]}