{"name":"RSK_View_Weight_Height_BMI","category":null,"description":"RSK_View_Weight_Height_BMI","metaData":"{\r\n    \"parameters\": [\r\n    {\r\n        \"name\": \"ehrId\",\r\n        \"type\": \"string\",\r\n        \"format\": \"\",\r\n        \"description\": \"ehr id\"\r\n    }]\r\n}","steps":[{"processorName":"js","processorData":"function compute(ctx, src) {\r\n    var promises = {\r\n        compositions: Ehr.query({\r\n            aql: `SELECT b/items[at0002]/value/magnitude AS Value,\r\n                        b/items[at0002]/value/units AS Unit,\r\n                        b/items[at0001]/value/value AS Name,\r\n                        c/context/start_time/value AS DateTime,\r\n                        b/items[at0001]/value/defining_code/code_string AS Code\r\n                    FROM EHR e\r\n                    CONTAINS COMPOSITION c[openEHR-EHR-COMPOSITION.encounter.v1] \r\n                    CONTAINS CLUSTER b[openEHR-EHR-CLUSTER.generic_keyword_rsk.v1] \r\n                    WHERE e/ehr_id/value = :ehrId and\r\n                    (b/items[at0001]/value/defining_code/code_string = '1965' or\r\n                    b/items[at0001]/value/defining_code/code_string = '1964' or\r\n                    b/items[at0001]/value/defining_code/code_string = '2275')\r\n                    order by c/context/start_time/value desc\r\n                    OFFSET 0 LIMIT 1000`,\r\n            params: ctx.vars,\r\n            initvalue: []\r\n        })\r\n    };\r\n\r\n    var result = {};\r\n    Ehr.allhash(promises, function (res) {\r\n        const compositions = res['compositions'];\r\n        const uniqueDatesSet = new Set(compositions.map(item => item.DateTime));\r\n        const uniqueDates = [];\r\n        uniqueDatesSet.forEach(date => uniqueDates.push(date));\r\n        let weightUnit = '';\r\n        let heightUnit = '';\r\n        const data = [];\r\n        uniqueDates.forEach(x => {\r\n            const weights = compositions.filter(y => y.DateTime === x && y.Code === '1965');\r\n            const heights = compositions.filter(y => y.DateTime === x && y.Code === '1964');\r\n            const bmis = compositions.filter(y => y.DateTime === x && y.Code === '2275');\r\n            const weight = weights.length > 0 ? weights[0] : undefined;\r\n            const height = heights.length > 0 ? heights[0] : undefined;\r\n            const bmi = bmis.length > 0 ? bmis[0] : undefined;\r\n            if (weight && height) {\r\n                if (!weightUnit || !heightUnit) {\r\n                    weightUnit = weight.Unit;\r\n                    heightUnit = height.Unit;\r\n                }\r\n                const newItem = {\r\n                    Weight: weight.Value,\r\n                    DateTime: x,\r\n                    Height: height.Value,\r\n                    BMI: getBMI(bmi ? bmi.Value : undefined, weight.Value, height.Value)\r\n                };\r\n                data.push(newItem);\r\n            }\r\n        });\r\n        result = {\r\n            values: data,\r\n            weightUnit: weightUnit,\r\n            heightUnit: heightUnit\r\n        };\r\n    });\r\n    return result;\r\n}\r\n\r\nfunction getBMI(bmi, weight, height) {\r\n    if (bmi) {\r\n        return bmi;\r\n    } else {\r\n        return (Number(weight) / ((Number(height) / 100) * (Number(height) / 100))).toFixed(2);\r\n    }\r\n}"}]}