{
  "@type" : "TEMPLATE",
  "uid" : "ec47f350-4332-43b0-a305-ca30cce2d624",
  "description" : {
    "@type" : "RESOURCE_DESCRIPTION",
    "originalAuthor" : {
      "name" : "Erik Sundvall",
      "organisation" : "Karolinska University hospital + Institute & Linköping University, Sweden",
      "email" : "erik.sundvall@regionstockholm.se",
      "date" : "2021-12-14"
    },
    "otherContributors" : [ ],
    "lifecycleState" : {
      "codeString" : "unmanaged"
    },
    "ipAcknowledgements" : { },
    "references" : { },
    "conversionDetails" : { },
    "otherDetails" : {
      "licence" : "",
      "custodian_organisation" : "",
      "original_namespace" : "",
      "original_publisher" : "",
      "custodian_namespace" : "",
      "sem_ver" : "2.0.1-alpha.1",
      "build_uid" : "5746ba87-6c50-487d-ae95-843cd2a76da7",
      "MD5-CAM-1.0.1" : "381779fb76d2edd7241128449e278266",
      "PARENT:MD5-CAM-1.0.1" : "5DFD0809E7CD46EA0712A590C68F545B"
    },
    "details" : {
      "de" : {
        "@type" : "RESOURCE_DESCRIPTION_ITEM",
        "language" : {
          "terminologyId" : {
            "value" : "ISO_639-1"
          },
          "codeString" : "de"
        },
        "keywords" : [ ],
        "originalResourceUri" : { },
        "otherDetails" : { }
      },
      "sv" : {
        "@type" : "RESOURCE_DESCRIPTION_ITEM",
        "language" : {
          "terminologyId" : {
            "value" : "ISO_639-1"
          },
          "codeString" : "sv"
        },
        "purpose" : "Template avsedd för att lagra information om vårdenhet och vårdgivare som behövs bl.a. för att utvärdera tillgång enligt PDL",
        "keywords" : [ ],
        "originalResourceUri" : { },
        "otherDetails" : { }
      },
      "nb" : {
        "@type" : "RESOURCE_DESCRIPTION_ITEM",
        "language" : {
          "terminologyId" : {
            "value" : "ISO_639-1"
          },
          "codeString" : "nb"
        },
        "keywords" : [ ],
        "originalResourceUri" : { },
        "otherDetails" : { }
      },
      "en" : {
        "@type" : "RESOURCE_DESCRIPTION_ITEM",
        "language" : {
          "terminologyId" : {
            "value" : "ISO_639-1"
          },
          "codeString" : "en"
        },
        "purpose" : "Template intended for infomration om abour care unit and associated care provider organisation. Needed e.g. to evaluate access according to the Swedish patient data laws (PDL)",
        "keywords" : [ ],
        "originalResourceUri" : { },
        "otherDetails" : { }
      }
    }
  },
  "parentArchetypeId" : "openEHR-EHR-CLUSTER.organisation.v1",
  "differential" : true,
  "archetypeId" : {
    "@type" : "ARCHETYPE_HRID",
    "value" : "openEHR-EHR-CLUSTER.t_organisation.v1"
  },
  "definition" : {
    "@type" : "C_COMPLEX_OBJECT",
    "rmTypeName" : "CLUSTER",
    "nodeId" : "at0000.1",
    "attributes" : [ {
      "@type" : "C_ATTRIBUTE",
      "rmAttributeName" : "items",
      "children" : [ {
        "@type" : "C_COMPLEX_OBJECT",
        "rmTypeName" : "ELEMENT",
        "nodeId" : "at0003.1",
        "attributes" : [ {
          "@type" : "C_ATTRIBUTE",
          "rmAttributeName" : "value",
          "children" : [ {
            "@type" : "C_COMPLEX_OBJECT",
            "rmTypeName" : "DV_IDENTIFIER",
            "defaultValue" : {
              "type" : "urn:oid:1.2.752.29.4.19",
              "@type" : "DV_IDENTIFIER"
            },
            "attributes" : [ ],
            "attributeTuples" : [ ]
          } ]
        } ],
        "attributeTuples" : [ ]
      }, {
        "@type" : "C_COMPLEX_OBJECT",
        "rmTypeName" : "ELEMENT",
        "nodeId" : "at0004.1",
        "attributes" : [ {
          "@type" : "C_ATTRIBUTE",
          "rmAttributeName" : "value",
          "children" : [ {
            "@type" : "C_COMPLEX_OBJECT",
            "rmTypeName" : "DV_CODED_TEXT",
            "occurrences" : "1..1",
            "defaultValue" : {
              "defining_code" : {
                "terminology_id" : {
                  "value" : "http://snomed.info/sct/900000000000207008",
                  "@type" : "TERMINOLOGY_ID"
                },
                "code_string" : "43741000",
                "@type" : "CODE_PHRASE"
              },
              "value" : "vårdenhet",
              "@type" : "DV_CODED_TEXT"
            },
            "attributes" : [ {
              "@type" : "C_ATTRIBUTE",
              "rmAttributeName" : "defining_code",
              "children" : [ {
                "@type" : "C_TERMINOLOGY_CODE",
                "rmTypeName" : "TERMINOLOGY_CODE",
                "occurrences" : "0..1",
                "terminologyId" : {
                  "value" : "http://snomed.info/sct/900000000000207008"
                },
                "constraint" : [ ],
                "selectedTerminologies" : [ "http://snomed.info/sct/900000000000207008" ],
                "includedExternalTerminologyCodes" : [ {
                  "terminologyId" : "http://snomed.info/sct/900000000000207008",
                  "code" : "43741000",
                  "value" : "vårdenhet"
                } ]
              } ]
            } ],
            "attributeTuples" : [ ]
          } ]
        } ],
        "attributeTuples" : [ ]
      }, {
        "@type" : "C_COMPLEX_OBJECT",
        "rmTypeName" : "ELEMENT",
        "occurrences" : "0..0",
        "nodeId" : "at0019.1",
        "attributes" : [ ],
        "attributeTuples" : [ ]
      }, {
        "@type" : "C_ARCHETYPE_ROOT",
        "rmTypeName" : "CLUSTER",
        "occurrences" : "0..1",
        "nodeId" : "at0021.1",
        "attributes" : [ ],
        "attributeTuples" : [ ],
        "archetypeRef" : "openEHR-EHR-CLUSTER.ovl-organisation-001.v1",
        "referenceType" : "archetypeOverlay"
      } ]
    } ],
    "attributeTuples" : [ ]
  },
  "terminology" : {
    "@type" : "ARCHETYPE_TERMINOLOGY",
    "conceptCode" : "at0000",
    "termDefinitions" : {
      "en" : {
        "at0000.1" : {
          "@type" : "ARCHETYPE_TERM",
          "code" : "at0000.1",
          "text" : "Care unit",
          "description" : "An identified formal entity or informal grouping of people.",
          "comment" : "For example: a company, institution, corporation, department, community group, healthcare practice group, payer/insurer, care team, or a group of neighbours who will act as carers or support."
        },
        "at0003.1" : {
          "@type" : "ARCHETYPE_TERM",
          "code" : "at0003.1",
          "text" : "Identifier",
          "description" : "Identifier associated with the organisation, in Sweden usually a HSA-id",
          "comment" : "See https://openehr.atlassian.net/wiki/spaces/healthmod/pages/1922990156/HSA-identitet+och+Organisationsnummer and https://openehr.atlassian.net/wiki/spaces/healthmod/pages/1893105737/PDL+i+openEHR#vg_ve\n "
        },
        "at0004.1" : {
          "@type" : "ARCHETYPE_TERM",
          "code" : "at0004.1",
          "text" : "Role",
          "description" : "The relationship or role of the organisation to the individual or subject of care.",
          "comment" : "See Se https://openehr.atlassian.net/wiki/spaces/healthmod/pages/1922990156/HSA-identitet+och+Organisationsnummer and https://openehr.atlassian.net/wiki/spaces/healthmod/pages/1893105737/PDL+i+openEHR#vg_ve\n "
        }
      },
      "nb" : {
        "at0000.1" : {
          "@type" : "ARCHETYPE_TERM",
          "code" : "at0000.1",
          "text" : "Vårdenhet",
          "description" : "En identifisert formell entitet eller en uformell gruppering av mennesker.",
          "comment" : "For eksempel: Et firma, institusjon, selskap, avdeling, gruppe i nærmiljøet, forsikringsselskap, behandlingsteam eller en gruppe av naboer som opptrer som støtte."
        }
      },
      "de" : {
        "at0000.1" : {
          "@type" : "ARCHETYPE_TERM",
          "code" : "at0000.1",
          "text" : "Pflegeeinheit",
          "description" : "Ein Unternehmen, eine Institution oder ein Verband, der in der Gesundheitsakte vertreten sein muss.",
          "comment" : "*For example: a company, institution, corporation, department, community group, healthcare practice group, payer/insurer, care team, or a group of neighbours who will act as carers or support.(en)"
        }
      },
      "sv" : {
        "at0000.1" : {
          "@type" : "ARCHETYPE_TERM",
          "code" : "at0000.1",
          "text" : "Vårdenhet",
          "description" : "In identifierad organisationsenhet eller en informell grupp.",
          "comment" : "Exempelvis företag, institution, avdeling, enhet, förening, vårdgivare, försäkringsbolag, vårdteam, eller en grupp grannar som fungerar som stöd."
        },
        "at0003.1" : {
          "@type" : "ARCHETYPE_TERM",
          "code" : "at0003.1",
          "text" : "Identifierare",
          "description" : "Vårdenhetens identifierare, i Sverige vanligen ett HSA-id",
          "comment" : "Se https://openehr.atlassian.net/wiki/spaces/healthmod/pages/1922990156/HSA-identitet+och+Organisationsnummer och https://openehr.atlassian.net/wiki/spaces/healthmod/pages/1893105737/PDL+i+openEHR#vg_ve\n "
        },
        "at0004.1" : {
          "@type" : "ARCHETYPE_TERM",
          "code" : "at0004.1",
          "text" : "Roll",
          "description" : "Organisationens relation eller roll till till individen eller patienten",
          "comment" : "Se https://openehr.atlassian.net/wiki/spaces/healthmod/pages/1922990156/HSA-identitet+och+Organisationsnummer och https://openehr.atlassian.net/wiki/spaces/healthmod/pages/1893105737/PDL+i+openEHR#vg_ve\n "
        }
      }
    },
    "termBindings" : { },
    "terminologyExtracts" : { },
    "valueSets" : { }
  },
  "adlVersion" : "1.4",
  "buildUid" : "38147ef7-f3af-386a-a9f5-a5788b80d11a",
  "rmName" : "openehr",
  "rmRelease" : "1.1.0",
  "generated" : true,
  "templateId" : "Care unit v2",
  "otherMetaData" : { },
  "templateOverlays" : [ {
    "@type" : "TEMPLATE_OVERLAY",
    "uid" : "87ab03e2-d9da-44be-ae2a-7351b6f4be23",
    "description" : {
      "@type" : "RESOURCE_DESCRIPTION",
      "originalAuthor" : { },
      "otherContributors" : [ ],
      "ipAcknowledgements" : { },
      "references" : { },
      "conversionDetails" : { },
      "otherDetails" : {
        "PARENT:MD5-CAM-1.0.1" : "5DFD0809E7CD46EA0712A590C68F545B"
      },
      "details" : {
        "de" : {
          "@type" : "RESOURCE_DESCRIPTION_ITEM",
          "language" : {
            "terminologyId" : {
              "value" : "ISO_639-1"
            },
            "codeString" : "de"
          },
          "purpose" : "Zur Darstellung von Informationen zur einer Organisation, die in der Gesundheitsakte repräsentiert sein muss.",
          "keywords" : [ "Organisation, Anbieter, Versorger" ],
          "use" : "Der Archetyp wird verwendet, um Informationen zur einer Organisation darzustellen, die in der Gesundheitsakte dargestellt werden muss. Beispiele beinhalten:\r\n- den Namen und die Kontaktdaten einer Organisation, die ein Exemplar einer erweiterten Pflegeakte besitzt;\r\n- den Namen und die Kontaktdaten einer Organisation für ambulante Pflegedienste im Rahmen einer Übermittlung von Krankenakten von Praxis zu Praxis; oder- den Namen, die Funktion und die Kontaktdaten eines Mitglieds des Betreuungsteams.\r\n\r\nIn diesem Kontext der Erfassung der Kontaktdaten einer Organisation oder von Personen innerhalb der Organisation kann der Umfang einer \"Organisation\" informell und flexibel sein, solange er dem Zweck dient. Zum Beispiel:\r\n- ein Krankenhaus; oder\r\n- eine \"Unterorganisation\" eines Krankenhauses, wie z. B. eine operativ getrennte oder spezialisierte Außenklinik eines Krankenhauses oder ein angeschlossener ambulanter Pflegedienst.\r\n\r\nDieser Archetyp könnte auch als Proxy für formale demografische Daten verwendet werden, wenn ein Template mit Domänenexperten überprüft wird – beispielsweise bei einer Bewertung, bei der die Prüfer erwarten würden, dass die Personendaten oben auf dem Bewertungsformular angezeigt werden.",
          "misuse" : "Der Archetyp darf nicht verwendet werden, um die formellen demografischen Daten für die formelle Identifizierungsverwaltung oder zum Zwecke der Führung eines demografischen Registers oder Index zu repräsentieren oder zu ersetzen. Verwenden Sie zu diesem Zweck einen formellen Gesundheitsdienstleister Index oder Archetypen, die auf dem openEHR Demographic Information Model basieren.",
          "originalResourceUri" : { },
          "otherDetails" : { }
        },
        "sv" : {
          "@type" : "RESOURCE_DESCRIPTION_ITEM",
          "language" : {
            "terminologyId" : {
              "value" : "ISO_639-1"
            },
            "codeString" : "sv"
          },
          "purpose" : "Att registrera information om en organisation som behöver representeras i journalen.",
          "keywords" : [ "organisation, leverantör, vårdgivare, vårdenhet" ],
          "use" : "Används för att registrera information om en organisation som behöver representeras i journalen. Exempel inkluderar:\r\n- namn och kontaktuppgifter för en organisation som har en fysisk kopia av patientens önskemål om vård i händelse av att patienten inte längre kan kommunicera\r\n- namn och kontaktuppgifter för hemtjänst- eller hemsjukvårdsorganisation vid överföring av journaluppgifter mellan organisationer\r\n\r\nDefintionien eller omfattningen av en 'organisation' kan i detta sammanhang vara informell och flexibel så länge den tjänar syftet. Till exempel:\r\n- ett sjukhus; eller\r\n- en \"underorganisation\" för ett sjukhus, såsom en separat eller specialiserad satellitklinik för ett sjukhus eller en tillhörande hemsjukvårs.\r\n\r\nDen här arketypen kan också användas som en proxy för formell demografisk data när man granskar en mall med domänexperter - exempelvis där granskare förväntar sig att se en organisations information i ett formulär.",
          "misuse" : "Inte avsedd att representera eller ersätta formell identifieringshantering eller för att upprätta ett demografiskt register eller index. Använd en katalogtjänst för detta ändamål eller arketyper baserade på openEHRs demografiska informationsmodell.",
          "originalResourceUri" : { },
          "otherDetails" : { }
        },
        "nb" : {
          "@type" : "RESOURCE_DESCRIPTION_ITEM",
          "language" : {
            "terminologyId" : {
              "value" : "ISO_639-1"
            },
            "codeString" : "nb"
          },
          "purpose" : "For å registrere detaljer om en organisasjon i en pasientjournal.",
          "keywords" : [ ],
          "use" : "Brukes for å registrere detaljer om en organisasjon i en pasientjournal, når det ikke er ønskelig eller mulig å bruke et formelt demografisk register eller indeks.\r\n\r\nFor eksempel:\r\n- navn og kontaktdetaljer for en organisasjon som har en kopi av et fremtidig behandlingsvalg.\r\n- navn, rolle og kontaktdetaljer til et medlem av et omsorgsteam.\r\n- et uformelt støttenettverk.\r\n\r\nI denne konteksten kan registreringen av en organisasjons kontaktdetaljer, eller person i organisasjonen, være uformell og fleksibel så lenge det tjener formålet.\r\nFor eksempel:\r\n- et sykehus\r\n- en spesialavdeling i et sykehus eller et tilknyttet hjemmesykehus eller hjemmetjeneste.\r\n\r\nDenne arketypen kan også brukes som en midlertidig erstatning for formelle demografiske data når man gjennomgår et templat med domeneeksperter - for eksempel en vurdering der man i templatet forventer å se detaljer om et individ på toppen av vurderingsskjema.\r\n",
          "misuse" : "Brukes ikke til å representere eller erstatte de formelle demografiske opplysningene for formell identitetsforvaltning eller for å opprettholde et demografisk register eller en indeks. Bruk formelle pasientregister, helsepersonellregister eller arketyper basert på openEHR demografisk informasjonsmodell til dette formålet.",
          "originalResourceUri" : { },
          "otherDetails" : { }
        },
        "en" : {
          "@type" : "RESOURCE_DESCRIPTION_ITEM",
          "language" : {
            "terminologyId" : {
              "value" : "ISO_639-1"
            },
            "codeString" : "en"
          },
          "purpose" : "To record details about an organisation that needs to be represented within the health record.",
          "keywords" : [ "organisation, organization, provider, carer, healthcare" ],
          "use" : "Use to record details of an organisation in the electronic health record, when it is not appropriate or possible to use an official demographic register or index. Examples include:\r\n- the name and contact details for an organisation that holds a physical copy of an advanced care record; or\r\n- the name and contact details of a visiting home care organisation in a practice-to-practice transfer of medical record.\r\n\r\nIn this context of recording an organisation's contact details or people within the organisation, the scope of an 'organisation' can be informal and flexible, as long as it serves the purpose. For example:\r\n- a hospital; or\r\n- a 'sub organisation' of a hospital, such as an operationally separate or specialised satellite clinic of a hospital or an associated home care service.\r\n\r\nThis archetype could also be used as a proxy for formal demographic data when reviewing a template with domain experts - for example, an assessment where reviewers would expect to see an organisations' details on an assessment form.",
          "misuse" : "Not to be used to represent or replace formal identification management or for the purposes of maintaining an official demographic register or index. Use a formal Health Provider Index for this purpose, or archetypes based on the openEHR Demographic Information Model.",
          "copyright" : "© openEHR Foundation",
          "originalResourceUri" : { },
          "otherDetails" : { }
        }
      }
    },
    "parentArchetypeId" : "openEHR-EHR-CLUSTER.organisation.v1",
    "differential" : true,
    "archetypeId" : {
      "@type" : "ARCHETYPE_HRID",
      "value" : "openEHR-EHR-CLUSTER.ovl-organisation-001.v1"
    },
    "definition" : {
      "@type" : "C_COMPLEX_OBJECT",
      "rmTypeName" : "CLUSTER",
      "nodeId" : "at0000.1",
      "attributes" : [ {
        "@type" : "C_ATTRIBUTE",
        "rmAttributeName" : "items",
        "children" : [ {
          "@type" : "C_COMPLEX_OBJECT",
          "rmTypeName" : "ELEMENT",
          "nodeId" : "at0003.1",
          "attributes" : [ {
            "@type" : "C_ATTRIBUTE",
            "rmAttributeName" : "value",
            "children" : [ {
              "@type" : "C_COMPLEX_OBJECT",
              "rmTypeName" : "DV_IDENTIFIER",
              "defaultValue" : {
                "type" : "urn:oid:2.5.4.97",
                "@type" : "DV_IDENTIFIER"
              },
              "attributes" : [ ],
              "attributeTuples" : [ ]
            } ]
          } ],
          "attributeTuples" : [ ]
        }, {
          "@type" : "C_COMPLEX_OBJECT",
          "rmTypeName" : "ELEMENT",
          "nodeId" : "at0003.2",
          "attributes" : [ {
            "@type" : "C_ATTRIBUTE",
            "rmAttributeName" : "value",
            "children" : [ {
              "@type" : "C_COMPLEX_OBJECT",
              "rmTypeName" : "DV_IDENTIFIER",
              "defaultValue" : {
                "type" : "urn:oid:2.5.4.97",
                "@type" : "DV_IDENTIFIER"
              },
              "attributes" : [ ],
              "attributeTuples" : [ ]
            } ]
          } ],
          "attributeTuples" : [ ]
        }, {
          "@type" : "C_COMPLEX_OBJECT",
          "rmTypeName" : "ELEMENT",
          "nodeId" : "at0004.1",
          "attributes" : [ {
            "@type" : "C_ATTRIBUTE",
            "rmAttributeName" : "value",
            "children" : [ {
              "@type" : "C_COMPLEX_OBJECT",
              "rmTypeName" : "DV_CODED_TEXT",
              "occurrences" : "1..1",
              "defaultValue" : {
                "defining_code" : {
                  "terminology_id" : {
                    "value" : "http://snomed.info/sct/45991000052106",
                    "@type" : "TERMINOLOGY_ID"
                  },
                  "code_string" : "143591000052106",
                  "@type" : "CODE_PHRASE"
                },
                "value" : "vårdgivare",
                "@type" : "DV_CODED_TEXT"
              },
              "attributes" : [ {
                "@type" : "C_ATTRIBUTE",
                "rmAttributeName" : "defining_code",
                "children" : [ {
                  "@type" : "C_TERMINOLOGY_CODE",
                  "rmTypeName" : "TERMINOLOGY_CODE",
                  "occurrences" : "0..1",
                  "terminologyId" : {
                    "value" : "http://snomed.info/sct/45991000052106"
                  },
                  "constraint" : [ ],
                  "selectedTerminologies" : [ "http://snomed.info/sct/45991000052106" ],
                  "includedExternalTerminologyCodes" : [ {
                    "terminologyId" : "http://snomed.info/sct/45991000052106",
                    "code" : "143591000052106",
                    "value" : "vårdgivare"
                  } ]
                } ]
              } ],
              "attributeTuples" : [ ]
            } ]
          } ],
          "attributeTuples" : [ ]
        }, {
          "@type" : "C_COMPLEX_OBJECT",
          "rmTypeName" : "ELEMENT",
          "occurrences" : "0..0",
          "nodeId" : "at0019.1",
          "attributes" : [ ],
          "attributeTuples" : [ ]
        } ]
      } ],
      "attributeTuples" : [ ]
    },
    "terminology" : {
      "@type" : "ARCHETYPE_TERMINOLOGY",
      "conceptCode" : "at0000",
      "termDefinitions" : {
        "en" : {
          "at0000.1" : {
            "@type" : "ARCHETYPE_TERM",
            "code" : "at0000.1",
            "text" : "Care provider",
            "description" : "An identified formal entity or informal grouping of people.",
            "comment" : "For example: a company, institution, corporation, department, community group, healthcare practice group, payer/insurer, care team, or a group of neighbours who will act as carers or support."
          },
          "at0003.2" : {
            "@type" : "ARCHETYPE_TERM",
            "code" : "at0003.2",
            "text" : "Organisational number",
            "description" : "Identifier associated with the organisation.",
            "comment" : "Occurrences for this data element is set to 0..* to allow for more than one Identifier to be recorded. Note that the ID data type contains multiple subcomponents for recording the ID value, type, issuer and assigner."
          }
        },
        "nb" : {
          "at0000.1" : {
            "@type" : "ARCHETYPE_TERM",
            "code" : "at0000.1",
            "text" : "Vårdgivare",
            "description" : "En entitet som består av ett eller flere mennesker med et bestemt formål.",
            "comment" : "For eksempel: Et firma, institusjon, selskap, forening, nettverk, avdeling, gruppe i nærmiljøet, forsikringsselskap, behandlingsteam eller en gruppe av naboer som opptrer som støtte."
          },
          "at0003.2" : {
            "@type" : "ARCHETYPE_TERM",
            "code" : "at0003",
            "text" : "Identifikator (2)",
            "description" : "Identifikator for organisasjonen.",
            "comment" : "Forekomster for dette dataelementet er satt til 0..* for å tillate at mer enn én identifikator kan registreres. Merk at ID-datatypen inneholder flere underkomponenter for registrering av ID-verdi, type, utsteder og tilordnet."
          }
        },
        "de" : {
          "at0000.1" : {
            "@type" : "ARCHETYPE_TERM",
            "code" : "at0000.1",
            "text" : "Gesundheitsdienstleister",
            "description" : "Eine Einheit, die aus einer oder mehreren Personen besteht und ein bestimmtes Ziel hat.",
            "comment" : "Zum Beispiel: ein Unternehmen, eine Institution, ein Verband, ein Netzwerk, eine Abteilung, eine Gemeindegruppe, eine Gesundheitspraxisgruppe, ein Kostenträger/Versicherer, ein Pflegeteam oder eine Gruppe von Nachbarn, die Pflege oder Unterstützung leisten."
          },
          "at0003.2" : {
            "@type" : "ARCHETYPE_TERM",
            "code" : "at0003",
            "text" : "Identifier (2)",
            "description" : "Identifikator, der der identifizierten Organisation zugeordnet ist.",
            "comment" : "Kardinalität für dieses Datenelement wird auf 0..* gesetzt, damit mehr als ein Identifikator aufgezeichnet werden kann. Beachten Sie, dass der ID-Datentyp mehrere Unterkomponenten zum Aufzeichnen des ID-Werts, -Typs, -Ausstellers und -Zuweisers enthält."
          }
        },
        "sv" : {
          "at0000.1" : {
            "@type" : "ARCHETYPE_TERM",
            "code" : "at0000.1",
            "text" : "Vårdgivare",
            "description" : "In identifierad organisationsenhet eller en informell grupp.",
            "comment" : "Exempelvis företag, institution, avdeling, enhet, förening, vårdgivare, försäkringsbolag, vårdteam, eller en grupp grannar som fungerar som stöd."
          },
          "at0003.2" : {
            "@type" : "ARCHETYPE_TERM",
            "code" : "at0003.2",
            "text" : "Organisationsnummer",
            "description" : "Identifierare associerad med den identifierade organisationen.",
            "comment" : "Förekomster (Occurrences) för detta dataelement är satt till 0..* för att tillåta att mer än en identifierare kan användas samtidigt. Observera att ID-datatypen innehåller flera underkomponenter för ID-värde, typ, utfärdare och tilldelare."
          }
        }
      },
      "termBindings" : { },
      "terminologyExtracts" : { },
      "valueSets" : { }
    },
    "adlVersion" : "1.4",
    "buildUid" : "5b39d7fe-0014-4e5e-babb-1ca545b6974b",
    "rmName" : "openehr",
    "rmRelease" : "1.1.0",
    "generated" : true,
    "otherMetaData" : { },
    "originalLanguage" : {
      "terminologyId" : {
        "value" : "ISO_639-1"
      },
      "codeString" : "en"
    },
    "translations" : [ {
      "@type" : "TRANSLATION_DETAILS",
      "language" : {
        "terminologyId" : {
          "value" : "ISO_639-1"
        },
        "codeString" : "de"
      },
      "author" : {
        "name" : "Sarah Ballout",
        "organisation" : "MHH-Hanover",
        "email" : "ballout.sarah@mh-hannover.de"
      },
      "otherDetails" : { }
    }, {
      "@type" : "TRANSLATION_DETAILS",
      "language" : {
        "terminologyId" : {
          "value" : "ISO_639-1"
        },
        "codeString" : "sv"
      },
      "author" : {
        "name" : "Therese Lindberg, Erik Sundvall",
        "organisation" : "Cambio CDS + Karolinska University Hospital, Region Stockholm + Linköping University",
        "email" : "therese.lindberg@cambio.se, erik.sundvall@regionstockholm.se"
      },
      "otherDetails" : { }
    }, {
      "@type" : "TRANSLATION_DETAILS",
      "language" : {
        "terminologyId" : {
          "value" : "ISO_639-1"
        },
        "codeString" : "nb"
      },
      "author" : {
        "name" : "Liv Laugen, John Tore Valand, Vebjørn Arntzen",
        "organisation" : "​Oslo University Hospital, Norway, Helse Bergen",
        "email" : "liv.laugen@ous-hf.no, john.tore.valand@helse-bergen.no, john.tore.valand@helse-vest-ikt.no, varntzen@ous-hf.no"
      },
      "otherDetails" : { }
    } ]
  } ],
  "originalLanguage" : {
    "terminologyId" : {
      "value" : "ISO_639-1"
    },
    "codeString" : "en"
  },
  "translations" : [ {
    "@type" : "TRANSLATION_DETAILS",
    "language" : {
      "terminologyId" : {
        "value" : "ISO_639-1"
      },
      "codeString" : "de"
    },
    "author" : { },
    "otherDetails" : { }
  }, {
    "@type" : "TRANSLATION_DETAILS",
    "language" : {
      "terminologyId" : {
        "value" : "ISO_639-1"
      },
      "codeString" : "sv"
    },
    "author" : { },
    "otherDetails" : { }
  }, {
    "@type" : "TRANSLATION_DETAILS",
    "language" : {
      "terminologyId" : {
        "value" : "ISO_639-1"
      },
      "codeString" : "nb"
    },
    "author" : { },
    "otherDetails" : { }
  } ]
}