{"name":"RSK_View_Measurement_MaxDate","description":"RSK_View_Measurement_MaxDate","steps":[{"processorData":"SELECT c/context/start_time/value as DateTime\r\nFROM EHR e \r\nCONTAINS COMPOSITION c[openEHR-EHR-COMPOSITION.encounter.v1] \r\nCONTAINS (CLUSTER x[openEHR-EHR-CLUSTER.composition_metadata_tc.v1] \r\nAND CLUSTER p[openEHR-EHR-CLUSTER.organisation.v1,\"Vårdenhet\"] \r\nAND CLUSTER o[openEHR-EHR-CLUSTER.generic_keyword_rsk.v1]) \r\nWHERE e/ehr_id/value = :ehrId AND c/archetype_details/template_id/value = \"RSK - Journal Encounter\" \r\nAND x/items[at0008]/value/value = \"Mätningar\"\r\nAND x/items[at0004]/value/value = \"MÄT\" \r\nAND o/items[at0001]/value/defining_code/code_string > \"0\"\r\nORDER BY DateTime DESC \r\nFETCH 1","processorName":"jsonAql"}],"metaData":"{\"parameters\":[{\"name\":\"ehrId\",\"description\":\"\",\"type\":\"string\"}]}"}