{"name":"RSK_Measurements_Data","id":"38b15acb-169d-4cb4-aa60-aed63189f76f","headers":[],"parameters":[],"authentication":{"params":[],"type":"None"},"type":"GLOBAL","baseUrl":"https://open-platform-migration.service.tietoevry.com/ehr/rest/v1/view/","calls":[{"name":"Get Measurements","requestMethod":"GET","headers":[],"parameters":[],"id":"09e89bbb-5886-4415-bf39-f9d3403d7d86","groupTag":"","pathParameters":[{"name":"{ehrId}","value":"%ehrId%","testValue":"cc1837d1-5944-431e-92dc-7ff5829104d4","required":null}],"pathParams":{"{ehrId}":"%ehrId%"},"customValueSet":null,"url":"{ehrId}/RSK.View.Measurement","responseType":"json","bodyType":"JSON","response":[{"name":"fromDate","type":"OBJECT","sampleValue":"","children":[]},{"name":"toDate","type":"OBJECT","sampleValue":"","children":[]},{"name":"measurements (list)","type":"LIST","sampleValue":"","children":[{"name":"id","type":"NUMBER","sampleValue":"9366","children":[]},{"name":"title","type":"TEXT","sampleValue":"Perifer venkateter (PVK) 1 In/Ut/Byte","children":[]},{"name":"unit","type":"NUMBER","sampleValue":"","children":[]},{"name":"values (list)","type":"LIST","sampleValue":"","children":[{"name":"date","type":"TEXT","sampleValue":"2024-10-23T08:42:00Z","children":[]},{"name":"type","type":"TEXT","sampleValue":"score","children":[]},{"name":"value","type":"OBJECT","sampleValue":"","children":[{"name":"value","type":"NUMBER","sampleValue":"0","children":[],"parentObjectName":"value"},{"name":"type","type":"TEXT","sampleValue":"string","children":[],"parentObjectName":"value"}]}]}]}],"postProcessorCode":"\"var measurements = [];\\nvar uniquiIds = [...new Set(processor.responseData?.map(x => x.Id))];\\nconst dates = processor.responseData?.map(item => new Date(item.DateTime));\\n\\nconst minDate = new Date(Math.min(...dates));\\nconst maxDate = new Date(Math.max(...dates));\\n\\nuniquiIds.forEach(id => {\\n    var data = processor.responseData.filter(y => y.Id === id);\\n    var measurement = {};\\n    measurement.id = data?.[0]?.Id;\\n    measurement.title = data?.[0]?.Name;\\n    measurement.unit = data?.[0]?.Value?.units || '';\\n    measurement.values = data.map(y => ({\\n        date: y.DateTime,\\n        type: 'score',\\n        value: {\\n            value:  y.Value?.units ? y.Value?.magnitude :  y.Value?.value,\\n            type: 'string'\\n        }\\n    }));\\n    measurements.push(measurement);\\n});\\nvar result = {\\n    fromDate: minDate,\\n    toDate: maxDate,\\n    measurements: measurements\\n};\\nprocessor.done(result);\\n\"","sampleResponse":{"fromDate":"2023-09-23T10:09:00.000Z","toDate":"2024-10-23T08:42:00.000Z","measurements":[{"id":"9366","title":"Perifer venkateter (PVK) 1 In/Ut/Byte","unit":"","values":[{"date":"2024-10-23T08:42:00Z","type":"score","value":{"value":"0","type":"string"}},{"date":"2024-09-17T16:30:00Z","type":"score","value":{"value":"0","type":"string"}},{"date":"2024-09-17T14:00:00Z","type":"score","value":{"value":"1","type":"string"}}]},{"id":"11518","title":"PVK 1, storlek","unit":"","values":[{"date":"2024-10-23T08:42:00Z","type":"score","value":{"value":"1","type":"string"}},{"date":"2024-09-17T16:30:00Z","type":"score","value":{"value":"3","type":"string"}},{"date":"2024-09-17T07:30:00Z","type":"score","value":{"value":"4","type":"string"}}]},{"id":"11521","title":"PVK 1, stickförsök","unit":"","values":[{"date":"2024-10-23T08:42:00Z","type":"score","value":{"value":"3","type":"string"}},{"date":"2024-09-17T16:30:00Z","type":"score","value":{"value":"0","type":"string"}},{"date":"2024-09-17T07:30:00Z","type":"score","value":{"value":"0","type":"string"}}]}]}},{"name":"Mock Measurements","requestMethod":"GET","headers":[],"parameters":[],"id":"ace86262-c11e-489a-a7d0-4a2111d350be","groupTag":"","pathParameters":[],"pathParams":{},"customValueSet":[{"CompositionId":"6c03b219-3bdd-46cc-a747-9c91c46e7efa::default::1","Dokumentnamn":"Mätningar","Dokumentationskod":"MÄT","Id":"9366","Name":"Perifer venkateter (PVK) 1 In/Ut/Byte","Value":{"@class":"DV_COUNT","magnitude":0},"Kommetar":null,"SkalaText":null,"DateTime":"2024-09-17T07:30:00Z"},{"CompositionId":"6c03b219-3bdd-46cc-a747-9c91c46e7efa::default::1","Dokumentnamn":"Mätningar","Dokumentationskod":"MÄT","Id":"11519","Name":"PVK 1, placering","Value":{"@class":"DV_COUNT","magnitude":0},"Kommetar":null,"SkalaText":null,"DateTime":"2024-09-17T07:30:00Z"},{"CompositionId":"6c03b219-3bdd-46cc-a747-9c91c46e7efa::default::1","Dokumentnamn":"Mätningar","Dokumentationskod":"MÄT","Id":"11521","Name":"PVK 1, stickförsök","Value":{"@class":"DV_COUNT","magnitude":0},"Kommetar":null,"SkalaText":null,"DateTime":"2024-09-17T07:30:00Z"},{"CompositionId":"6c03b219-3bdd-46cc-a747-9c91c46e7efa::default::1","Dokumentnamn":"Mätningar","Dokumentationskod":"MÄT","Id":"11520","Name":"PVK 1, sida","Value":{"@class":"DV_COUNT","magnitude":0},"Kommetar":null,"SkalaText":null,"DateTime":"2024-09-17T07:30:00Z"},{"CompositionId":"6c03b219-3bdd-46cc-a747-9c91c46e7efa::default::1","Dokumentnamn":"Mätningar","Dokumentationskod":"MÄT","Id":"11518","Name":"PVK 1, storlek","Value":{"@class":"DV_COUNT","magnitude":4},"Kommetar":null,"SkalaText":null,"DateTime":"2024-09-17T07:30:00Z"},{"CompositionId":"c642f02e-716e-4602-9eca-3c36690c2557::default::1","Dokumentnamn":"Mätningar","Dokumentationskod":"MÄT","Id":"3719","Name":"Blodtryck systoliskt - övre","Value":{"@class":"DV_QUANTITY","magnitude":113,"units":"mm[Hg]"},"Kommetar":null,"SkalaText":null,"DateTime":"2024-08-30T14:18:23Z"},{"CompositionId":"c642f02e-716e-4602-9eca-3c36690c2557::default::1","Dokumentnamn":"Mätningar","Dokumentationskod":"MÄT","Id":"1978","Name":"Pulsfrekvens","Value":{"@class":"DV_QUANTITY","magnitude":85,"units":"/min"},"Kommetar":null,"SkalaText":null,"DateTime":"2024-08-30T14:18:23Z"},{"CompositionId":"c642f02e-716e-4602-9eca-3c36690c2557::default::1","Dokumentnamn":"Mätningar","Dokumentationskod":"MÄT","Id":"402","Name":"Andningsfrekvens","Value":{"@class":"DV_QUANTITY","magnitude":23,"units":"/min"},"Kommetar":null,"SkalaText":null,"DateTime":"2024-08-30T14:18:23Z"},{"CompositionId":"c642f02e-716e-4602-9eca-3c36690c2557::default::1","Dokumentnamn":"Mätningar","Dokumentationskod":"MÄT","Id":"2025","Name":"Kroppstemperatur","Value":{"@class":"DV_QUANTITY","magnitude":36.8,"units":"Cel"},"Kommetar":null,"SkalaText":null,"DateTime":"2024-08-30T14:18:23Z"},{"CompositionId":"c642f02e-716e-4602-9eca-3c36690c2557::default::1","Dokumentnamn":"Mätningar","Dokumentationskod":"MÄT","Id":"3720","Name":"Blodtryck diastoliskt - nedre","Value":{"@class":"DV_QUANTITY","magnitude":62,"units":"mm[Hg]"},"Kommetar":null,"SkalaText":null,"DateTime":"2024-08-30T14:18:23Z"},{"CompositionId":"c642f02e-716e-4602-9eca-3c36690c2557::default::1","Dokumentnamn":"Mätningar","Dokumentationskod":"MÄT","Id":"3720","Name":"Blodtryck diastoliskt - nedre","Value":{"@class":"DV_QUANTITY","magnitude":67,"units":"mm[Hg]"},"Kommetar":null,"SkalaText":null,"DateTime":"2024-08-29T14:18:23Z"}],"responseType":"json","bodyType":"JSON","response":[{"name":"fromDate","type":"OBJECT","sampleValue":"","children":[]},{"name":"toDate","type":"OBJECT","sampleValue":"","children":[]},{"name":"measurements (list)","type":"LIST","sampleValue":"","children":[{"name":"id","type":"NUMBER","sampleValue":"9366","children":[]},{"name":"title","type":"TEXT","sampleValue":"Perifer venkateter (PVK) 1 In/Ut/Byte","children":[]},{"name":"unit","type":"NUMBER","sampleValue":"","children":[]},{"name":"values (list)","type":"LIST","sampleValue":"","children":[{"name":"date","type":"TEXT","sampleValue":"2024-09-17T07:30:00Z","children":[]},{"name":"type","type":"TEXT","sampleValue":"score","children":[]},{"name":"value","type":"OBJECT","sampleValue":"","children":[{"name":"value","type":"NUMBER","sampleValue":"0","children":[],"parentObjectName":"value"},{"name":"type","type":"TEXT","sampleValue":"string","children":[],"parentObjectName":"value"}]}]}]}],"postProcessorCode":"\"var measurements = [];\\nvar uniquiIds = [...new Set(processor.responseData?.map(x => x.Id))];\\nconst dates = processor.responseData?.map(item => new Date(item.DateTime));\\n\\nconst minDate = new Date(Math.min(...dates));\\nconst maxDate = new Date(Math.max(...dates));\\n\\nuniquiIds.forEach(id => {\\n    var data = processor.responseData.filter(y => y.Id === id);\\n    var measurement = {};\\n    measurement.id = data?.[0]?.Id;\\n    measurement.title = data?.[0]?.Name;\\n    measurement.unit = data?.[0]?.Value?.units || '';\\n    measurement.values = data.map(y => ({\\n        date: y.DateTime,\\n        type: 'score',\\n        value: {\\n            value: y.Value?.magnitude,\\n            type: 'string'\\n        }\\n    }));\\n    measurements.push(measurement);\\n});\\nvar result = {\\n    fromDate: minDate,\\n    toDate: maxDate,\\n    measurements: measurements\\n};\\nprocessor.done(result);\\n\"","sampleResponse":{"fromDate":"2024-08-29T14:18:23.000Z","toDate":"2024-09-17T07:30:00.000Z","measurements":[{"id":"9366","title":"Perifer venkateter (PVK) 1 In/Ut/Byte","unit":"","values":[{"date":"2024-09-17T07:30:00Z","type":"score","value":{"value":0,"type":"string"}}]},{"id":"11519","title":"PVK 1, placering","unit":"","values":[{"date":"2024-09-17T07:30:00Z","type":"score","value":{"value":0,"type":"string"}}]},{"id":"11521","title":"PVK 1, stickförsök","unit":"","values":[{"date":"2024-09-17T07:30:00Z","type":"score","value":{"value":0,"type":"string"}}]}]}},{"name":"Get Systolic Diastolic Pulse Data call","requestMethod":"GET","headers":[],"parameters":[],"id":"77607b22-e4e2-43a9-8d3c-c90e06a3ad1e","groupTag":"","pathParameters":[{"name":"{ehrId}","value":"%ehrId%","testValue":"e9ebbf32-b3f1-43d6-be5a-1c3b003bbf8b","required":null}],"pathParams":{"{ehrId}":"%ehrId%"},"customValueSet":null,"url":"{ehrId}/RSK.View.Widget.Line.Chart.Systolic.Diastolic.Pulse","responseType":"json","bodyType":"JSON","response":[{"name":"ConfigData","type":"OBJECT","sampleValue":"","children":[{"name":"Chart_minimum_range","type":"NUMBER","sampleValue":"0","children":[],"parentObjectName":"ConfigData"},{"name":"Chart_maximum_range","type":"NUMBER","sampleValue":"250","children":[],"parentObjectName":"ConfigData"},{"name":"Number_of_Y_Lines","type":"NUMBER","sampleValue":"10","children":[],"parentObjectName":"ConfigData"},{"name":"No_Data_Text","type":"TEXT","sampleValue":"No data available to view","children":[],"parentObjectName":"ConfigData"},{"name":"Chart_height","type":"NUMBER","sampleValue":"250","children":[],"parentObjectName":"ConfigData"}]},{"name":"SystolicData","type":"OBJECT","sampleValue":"","children":[{"name":"Line_Name","type":"TEXT","sampleValue":"Systolic","children":[],"parentObjectName":"SystolicData"},{"name":"Line_Unit","type":"TEXT","sampleValue":"mm[Hg]","children":[],"parentObjectName":"SystolicData"},{"name":"Line_Color","type":"TEXT","sampleValue":"Green","children":[],"parentObjectName":"SystolicData"},{"name":"ValueList (list)","type":"LIST","sampleValue":"","children":[{"name":"Systolic","type":"NUMBER","sampleValue":"124","children":[]},{"name":"DateTime","type":"TEXT","sampleValue":"2024-02-26T12:32:00Z","children":[]}],"parentObjectName":"SystolicData"}]},{"name":"DiastolicData","type":"OBJECT","sampleValue":"","children":[{"name":"Line_Name","type":"TEXT","sampleValue":"Diastolic","children":[],"parentObjectName":"DiastolicData"},{"name":"Line_Unit","type":"TEXT","sampleValue":"mm[Hg]","children":[],"parentObjectName":"DiastolicData"},{"name":"Line_Color","type":"TEXT","sampleValue":"Blue","children":[],"parentObjectName":"DiastolicData"},{"name":"ValueList (list)","type":"LIST","sampleValue":"","children":[{"name":"Diastolic","type":"NUMBER","sampleValue":"77","children":[]},{"name":"DateTime","type":"TEXT","sampleValue":"2024-02-26T12:32:00Z","children":[]}],"parentObjectName":"DiastolicData"}]},{"name":"PulseData","type":"OBJECT","sampleValue":"","children":[{"name":"Line_Name","type":"TEXT","sampleValue":"Pulse","children":[],"parentObjectName":"PulseData"},{"name":"Line_Unit","type":"TEXT","sampleValue":"/min","children":[],"parentObjectName":"PulseData"},{"name":"Line_Color","type":"TEXT","sampleValue":"Purple","children":[],"parentObjectName":"PulseData"},{"name":"ValueList (list)","type":"LIST","sampleValue":"","children":[{"name":"Pulse","type":"NUMBER","sampleValue":"72","children":[]},{"name":"DateTime","type":"TEXT","sampleValue":"2024-02-26T12:32:00Z","children":[]}],"parentObjectName":"PulseData"}]}],"postProcessorCode":"\"/* Example:\\nlet result = processor.responseData[0].data;\\n\\n// when you are done with the post-request, call processor.done(result) to finish the request\\nprocessor.done(result);\\n*/\\n\\n\\nlet result = processor.responseData;\\nvar isArchetypeData = api.getVariable('isArchetypeData');\\nif(result && isArchetypeData && (result.SystolicData || result.DiastolicData || result.PulseData)) {\\n    var systolicDataLength = Object.keys(result.SystolicData).length;\\n    var diastolicDataLength = Object.keys(result.DiastolicData).length;\\n    var pulseDataLength = Object.keys(result.PulseData).length;\\n    // console.log(\\\"systolicDataLength::\\\", systolicDataLength);\\n    // console.log(\\\"diastolicDataLength::\\\", pulseDataLength);\\n    // console.log(\\\"pulseDataLength::\\\", systolicDataLength);\\n    if(systolicDataLength == 0 && diastolicDataLength == 0 && pulseDataLength == 0){\\n        api.setVariableValue('isArchetypeData', false);\\n    } else {\\n        api.setVariableValue('isArchetypeData', true);\\n    }\\n}\\nprocessor.done(result);\\n\"","sampleResponse":{"ConfigData":{"Chart_minimum_range":0,"Chart_maximum_range":250,"Number_of_Y_Lines":10,"No_Data_Text":"No data available to view","Chart_height":250},"SystolicData":{"Line_Name":"Systolic","Line_Unit":"mm[Hg]","Line_Color":"Green","ValueList":[{"Systolic":124,"DateTime":"2024-02-26T12:32:00Z"},{"Systolic":125,"DateTime":"2024-10-22T15:10:00Z"}]},"DiastolicData":{"Line_Name":"Diastolic","Line_Unit":"mm[Hg]","Line_Color":"Blue","ValueList":[{"Diastolic":77,"DateTime":"2024-02-26T12:32:00Z"},{"Diastolic":81,"DateTime":"2024-10-22T15:10:00Z"}]},"PulseData":{"Line_Name":"Pulse","Line_Unit":"/min","Line_Color":"Purple","ValueList":[{"Pulse":72,"DateTime":"2024-02-26T12:32:00Z"},{"Pulse":70,"DateTime":"2024-10-22T15:10:00Z"}]}}},{"name":"Get Measurements Data","requestMethod":"GET","headers":[],"parameters":[],"id":"166b11e3-8be2-446e-b0f6-77f8ae8a3871","groupTag":"","pathParameters":[{"name":"{ehrId}","value":"","testValue":"31a92be4-4591-44be-ab7f-1f184891ec1f","required":null},{"name":"{fromDate}","value":"","testValue":"2024-09-23","required":null},{"name":"{toDate}","value":"","testValue":"2024-10-24","required":null}],"pathParams":{"{ehrId}":"","{fromDate}":"","{toDate}":""},"customValueSet":null,"url":"{ehrId}/RSK.View.Measurements.Data?fromDate={fromDate}&toDate={toDate}","responseType":"json","bodyType":"JSON","response":[{"name":"fromDate","type":"OBJECT","sampleValue":"","children":[]},{"name":"toDate","type":"OBJECT","sampleValue":"","children":[]},{"name":"measurements (list)","type":"LIST","sampleValue":"","children":[{"name":"id","type":"NUMBER","sampleValue":"8980","children":[]},{"name":"title","type":"TEXT","sampleValue":"24-timmars blodtryckskurva","children":[]},{"name":"unit","type":"TEXT","sampleValue":"mm[Hg]","children":[]},{"name":"values (list)","type":"LIST","sampleValue":"","children":[{"name":"date","type":"TEXT","sampleValue":"2024-10-21T15:12:00Z","children":[]},{"name":"type","type":"TEXT","sampleValue":"score","children":[]},{"name":"value","type":"OBJECT","sampleValue":"","children":[{"name":"value","type":"NUMBER","sampleValue":"0","children":[],"parentObjectName":"value"},{"name":"type","type":"TEXT","sampleValue":"string","children":[],"parentObjectName":"value"}]}]}]}],"postProcessorCode":"\"var measurements = [];\\nif (processor.responseData?.length > 0) {\\n    var uniquiIds = [...new Set(processor.responseData?.map(x => x.Id))];\\n    const dates = processor.responseData?.map(item => new Date(item.DateTime));\\n\\n    const minDate = new Date(Math.min(...dates));\\n    const maxDate = new Date(Math.max(...dates));\\n\\n    uniquiIds.forEach(id => {\\n        var data = processor.responseData.filter(y => y.Id === id);\\n        var measurement = {};\\n        measurement.id = data?.[0]?.Id;\\n        measurement.title = data?.[0]?.Name;\\n        measurement.unit = data?.[0]?.Value?.units || '';\\n        measurement.values = data.map(y => ({\\n            date: y.DateTime,\\n            type: 'score',\\n            value: {\\n                value:  y.Value?.units ? y.Value?.magnitude :  y.Value?.value,\\n                type: 'string'\\n            }\\n        }));\\n        measurements.push(measurement);\\n    });\\n\\n    if (measurements && measurements.length > 0) {\\n        const indexSystolisktOvre = measurements.findIndex(item => item.title === \\\"Blodtryck systoliskt - övre\\\");\\n        const indexDiastolisktNedre = measurements.findIndex(item => item.title === \\\"Blodtryck diastoliskt - nedre\\\");\\n        if (indexSystolisktOvre !== -1 && indexDiastolisktNedre !== -1) {\\n        const systolisktOvre = measurements.splice(indexSystolisktOvre, 1)[0];\\n        const diastolisktNedre = measurements.splice(indexDiastolisktNedre, 1)[0];\\n        console.log(systolisktOvre, diastolisktNedre);\\n        if (indexSystolisktOvre > indexDiastolisktNedre) {\\n                measurements.splice(indexDiastolisktNedre, 0, systolisktOvre);\\n                measurements.splice(indexSystolisktOvre, 0, diastolisktNedre);\\n            } else {\\n                measurements.splice(indexDiastolisktNedre, 0, diastolisktNedre);\\n                measurements.splice(indexSystolisktOvre, 0, systolisktOvre);\\n            }\\n        }\\n    }\\n\\n    var result = {\\n        fromDate: minDate,\\n        toDate: maxDate,\\n        measurements: measurements\\n    };\\n\\n} else {\\n     var result = {\\n        fromDate: api.getVariable('startDate').value,\\n        toDate: api.getVariable('endDate').value,\\n        measurements: measurements\\n    };\\n}\\n\\n                \\nconsole.log('api.value.fromDate', api.getVariable('startDate').value, 'api.value.todate', api.getVariable('endDate').value);\\nprocessor.done(result);\"","preProcessorCode":"\"const isDataLoaded = api.getVariable('isDataLoaded').value;\\nif (isDataLoaded == \\\"false\\\") {\\n    api.setVariableValue('isDataLoaded', true);\\n    api.callApi('RSK_Measurements_Data', 'Get Max Date', true)\\n        .then((result) => {\\n            if (result && result.length == 0) {\\n                api.setVariableValue('isNoData', true);\\n            } else {\\n                const toDate = new Date(result[0].DateTime);\\n                let fromDate = new Date(result[0].DateTime);\\n                fromDate.setDate(fromDate.getDate() - 20);\\n                api.setVariableValue('startDate', fromDate);\\n                api.setVariableValue('endDate', toDate);\\n                console.log('fromDate', fromDate, 'toDate', toDate);\\n            }\\n            processor.done();\\n        })\\n        .catch((e) =>\\n            processor.error(e)\\n        );\\n} else {\\n    processor.done();\\n}\"","sampleResponse":{"fromDate":"2024-09-24T08:00:00.000Z","toDate":"2024-10-23T08:42:00.000Z","measurements":[{"id":"8980","title":"24-timmars blodtryckskurva","unit":"mm[Hg]","values":[{"date":"2024-10-21T15:12:00Z","type":"score","value":{"value":0,"type":"string"}}]},{"id":"4668","title":"Allmäntillstånd enl.mod.Norton","unit":"","values":[{"date":"2024-10-21T15:07:00Z","type":"score","value":{"value":"3","type":"string"}}]},{"id":"402","title":"Andningsfrekvens","unit":"/min","values":[{"date":"2024-09-24T08:00:00Z","type":"score","value":{"value":9,"type":"string"}},{"date":"2024-10-22T15:10:00Z","type":"score","value":{"value":18,"type":"string"}}]}]}},{"name":"Get Measurements TotalRecords","requestMethod":"GET","headers":[],"parameters":[],"id":"f95c54aa-4c9b-4e8d-b71c-f870aae16d75","groupTag":"","pathParameters":[{"name":"{ehrId}","value":"%ehrId%","testValue":"cc1837d1-5944-431e-92dc-7ff5829104d4","required":null}],"pathParams":{"{ehrId}":"%ehrId%"},"customValueSet":null,"url":"{ehrId}/RSK.View.Measurements.TotalRecords","responseType":"json","bodyType":"JSON","response":[{"name":"value (list)","type":"LIST","sampleValue":"","children":[{"name":"TotalRecords","type":"NUMBER","sampleValue":"73","children":[]}]}],"sampleResponse":[{"TotalRecords":73}]},{"name":"Get Max Date","requestMethod":"GET","headers":[],"parameters":[],"id":"b13ac526-21af-4250-a2db-d76f2f7e08c2","groupTag":"","pathParameters":[{"name":"{ehrId}","value":"%ehrId%","testValue":"7cc3d0a2-3001-4f9a-9ba3-9622ec745ebe","required":null}],"pathParams":{"{ehrId}":"%ehrId%"},"customValueSet":null,"url":"{ehrId}/RSK_View_Measurement_MaxDate","responseType":"json","bodyType":"JSON","response":[{"name":"value (list)","type":"LIST","sampleValue":"","children":[{"name":"DateTime","type":"TEXT","sampleValue":"2024-10-23T08:42:00Z","children":[]}]}],"sampleResponse":[{"DateTime":"2024-10-23T08:42:00Z"}]}]}