{"name":"RSK_Chemistry_Data","id":"65c3b8c6-0f31-421d-9c02-e076ade05a56","headers":[],"parameters":[],"authentication":{"params":[],"type":"None"},"type":"GLOBAL","baseUrl":"https://open-platform-migration.service.tietoevry.com/ehr/rest/v1/view/","calls":[{"name":"Get PSA Data","requestMethod":"GET","headers":[],"parameters":[],"id":"7315b538-95f2-4542-9ff4-0b526deb66ec","groupTag":"","pathParameters":[{"name":"{ehrId}","value":"%ehrId%","testValue":"e4ea3e37-8424-4595-b8e8-70bcdb7d8e5e","required":null}],"pathParams":{"{ehrId}":"%ehrId%"},"customValueSet":null,"url":"{ehrId}/RSK.View.PSA.Result","responseType":"json","bodyType":"JSON","response":[{"name":"unit","type":"TEXT","sampleValue":"mikrog/L","children":[]},{"name":"data (list)","type":"LIST","sampleValue":"","children":[{"name":"Name","type":"TEXT","sampleValue":"P-PSA","children":[]},{"name":"Value","type":"NUMBER","sampleValue":"21.5","children":[]},{"name":"DateTime","type":"TEXT","sampleValue":"2024-11-05T11:02:39.93830933Z","children":[]}]},{"name":"name","type":"TEXT","sampleValue":"P-PSA","children":[]}],"sampleResponse":{"unit":"mikrog/L","data":[{"Name":"P-PSA","Value":21.5,"DateTime":"2024-11-05T11:02:39.93830933Z"},{"Name":"P-PSA","Value":15,"DateTime":"2024-11-05T11:02:40.884281624Z"},{"Name":"P-PSA","Value":21.5,"DateTime":"2024-08-27T09:43:19Z"}],"name":"P-PSA"}},{"name":"Get P-PK(INR) API call","requestMethod":"GET","headers":[],"parameters":[],"id":"5de0c8fe-8b11-4be1-a967-3af325749673","groupTag":"","pathParameters":[{"name":"{ehrId}","value":"%ehrId%","testValue":"a708dd98-f829-4ae5-837f-cab8fbdf10a9","required":null}],"pathParams":{"{ehrId}":"%ehrId%"},"customValueSet":null,"url":"{ehrId}/RSK.View.Widget.Line.Chart.P-PK(INR)","responseType":"json","bodyType":"JSON","response":[{"name":"ConfigData","type":"OBJECT","sampleValue":"","children":[{"name":"Chart_minimum_range","type":"NUMBER","sampleValue":"0","children":[],"parentObjectName":"ConfigData"},{"name":"Chart_maximum_range","type":"NUMBER","sampleValue":"30","children":[],"parentObjectName":"ConfigData"},{"name":"Number_of_Y_Lines","type":"NUMBER","sampleValue":"10","children":[],"parentObjectName":"ConfigData"},{"name":"No_Data_Text","type":"TEXT","sampleValue":"No data available to view","children":[],"parentObjectName":"ConfigData"},{"name":"Chart_height","type":"NUMBER","sampleValue":"250","children":[],"parentObjectName":"ConfigData"}]},{"name":"ArchetypeData","type":"OBJECT","sampleValue":"","children":[{"name":"Line_Name","type":"TEXT","sampleValue":"P-PK(INR)","children":[],"parentObjectName":"ArchetypeData"},{"name":"Line_Unit","type":"TEXT","sampleValue":"INR","children":[],"parentObjectName":"ArchetypeData"},{"name":"Line_Color","type":"TEXT","sampleValue":"Blue","children":[],"parentObjectName":"ArchetypeData"},{"name":"ValueList (list)","type":"LIST","sampleValue":"","children":[{"name":"P-PK(INR)","type":"NUMBER","sampleValue":"3","children":[]},{"name":"DateTime","type":"TEXT","sampleValue":"2024-10-18T14:50:04Z","children":[]}],"parentObjectName":"ArchetypeData"}]}],"postProcessorCode":"\"/* Example:\\nlet result = processor.responseData[0].data;\\n\\n// when you are done with the post-request, call processor.done(result) to finish the request\\nprocessor.done(result);\\n*/\\nlet result = processor.responseData;\\n// console.log(\\\"result::\\\", result);\\n// console.log(\\\"isArchetypeData::\\\", api.getVariable('isArchetypeData').\\n// value);\\nvar isArchetypeData = api.getVariable('isArchetypeData');\\nif(result && result.ArchetypeData && isArchetypeData) {\\n    var archetypeDataLength = Object.keys(result.ArchetypeData).length;\\n    // console.log(\\\"archetypeDataLength::\\\", archetypeDataLength);\\n    if(archetypeDataLength == 0){\\n        api.setVariableValue('isArchetypeData', false);\\n    } else {\\n        api.setVariableValue('isArchetypeData', true);\\n    }\\n}\\nprocessor.done(result);\\n\"","sampleResponse":{"ConfigData":{"Chart_minimum_range":0,"Chart_maximum_range":30,"Number_of_Y_Lines":10,"No_Data_Text":"No data available to view","Chart_height":250},"ArchetypeData":{"Line_Name":"P-PK(INR)","Line_Unit":"INR","Line_Color":"Blue","ValueList":[{"P-PK(INR)":3,"DateTime":"2024-10-18T14:50:04Z"}]}}},{"name":"Get P-PSA Data","requestMethod":"GET","headers":[],"parameters":[],"id":"e0aca40e-09e6-4204-ae3a-8cfdb418c07f","groupTag":"","pathParameters":[{"name":"{ehrId}","value":"%ehrId%","testValue":"cc1837d1-5944-431e-92dc-7ff5829104d4","required":null}],"pathParams":{"{ehrId}":"%ehrId%"},"customValueSet":null,"url":"{ehrId}/RSK.View.Widget.Line.Chart.P-PSA","responseType":"json","bodyType":"JSON","response":[{"name":"ConfigData","type":"OBJECT","sampleValue":"","children":[{"name":"Chart_minimum_range","type":"NUMBER","sampleValue":"0","children":[],"parentObjectName":"ConfigData"},{"name":"Chart_maximum_range","type":"NUMBER","sampleValue":"26.5","children":[],"parentObjectName":"ConfigData"},{"name":"Number_of_Y_Lines","type":"NUMBER","sampleValue":"10","children":[],"parentObjectName":"ConfigData"},{"name":"No_Data_Text","type":"TEXT","sampleValue":"No data available to view","children":[],"parentObjectName":"ConfigData"},{"name":"Chart_height","type":"NUMBER","sampleValue":"250","children":[],"parentObjectName":"ConfigData"}]},{"name":"ArchetypeData","type":"OBJECT","sampleValue":"","children":[{"name":"Line_Name","type":"TEXT","sampleValue":"P-PSA","children":[],"parentObjectName":"ArchetypeData"},{"name":"Line_Unit","type":"TEXT","sampleValue":"mikrog/L","children":[],"parentObjectName":"ArchetypeData"},{"name":"Line_Color","type":"TEXT","sampleValue":"Red","children":[],"parentObjectName":"ArchetypeData"},{"name":"ValueList (list)","type":"LIST","sampleValue":"","children":[{"name":"P-PSA","type":"NUMBER","sampleValue":"18","children":[]},{"name":"DateTime","type":"TEXT","sampleValue":"2023-09-15T09:23:11Z","children":[]}],"parentObjectName":"ArchetypeData"}]}],"postProcessorCode":"\"let result = processor.responseData;\\nvar isArchetypeData = api.getVariable('isArchetypeData');\\nif(result && result.ArchetypeData && isArchetypeData) {\\n    var archetypeDataLength = Object.keys(result.ArchetypeData).length;\\n    if(archetypeDataLength == 0){\\n        api.setVariableValue('isArchetypeData', false);\\n    } else {\\n        api.setVariableValue('isArchetypeData', true);\\n    }\\n}\\nprocessor.done(result);\\n\"","sampleResponse":{"ConfigData":{"Chart_minimum_range":0,"Chart_maximum_range":26.5,"Number_of_Y_Lines":10,"No_Data_Text":"No data available to view","Chart_height":250},"ArchetypeData":{"Line_Name":"P-PSA","Line_Unit":"mikrog/L","Line_Color":"Red","ValueList":[{"P-PSA":18,"DateTime":"2023-09-15T09:23:11Z"},{"P-PSA":20,"DateTime":"2024-01-20T09:23:11Z"},{"P-PSA":15,"DateTime":"2024-08-26T13:23:19Z"}]}}},{"name":"Get B-HbA1c Data","requestMethod":"GET","headers":[],"parameters":[],"id":"59068f2e-b155-493b-98bd-4c9ac4f93a92","groupTag":"","pathParameters":[{"name":"{ehrId}","value":"%ehrId%","testValue":"cc1837d1-5944-431e-92dc-7ff5829104d4","required":null}],"pathParams":{"{ehrId}":"%ehrId%"},"customValueSet":null,"url":"{ehrId}/RSK.View.Widget.Line.Chart.B-HbA1c","responseType":"json","bodyType":"JSON","response":[{"name":"ConfigData","type":"OBJECT","sampleValue":"","children":[{"name":"Chart_minimum_range","type":"NUMBER","sampleValue":"0","children":[],"parentObjectName":"ConfigData"},{"name":"Chart_maximum_range","type":"NUMBER","sampleValue":"47","children":[],"parentObjectName":"ConfigData"},{"name":"Number_of_Y_Lines","type":"NUMBER","sampleValue":"10","children":[],"parentObjectName":"ConfigData"},{"name":"No_Data_Text","type":"TEXT","sampleValue":"No data available to view","children":[],"parentObjectName":"ConfigData"},{"name":"Chart_height","type":"NUMBER","sampleValue":"250","children":[],"parentObjectName":"ConfigData"}]},{"name":"ArchetypeData","type":"OBJECT","sampleValue":"","children":[{"name":"Line_Name","type":"TEXT","sampleValue":"B-HbA1c (IFCC)","children":[],"parentObjectName":"ArchetypeData"},{"name":"Line_Unit","type":"TEXT","sampleValue":"mmol/mol","children":[],"parentObjectName":"ArchetypeData"},{"name":"Line_Color","type":"TEXT","sampleValue":"Green","children":[],"parentObjectName":"ArchetypeData"},{"name":"ValueList (list)","type":"LIST","sampleValue":"","children":[{"name":"B-HbA1c (IFCC)","type":"NUMBER","sampleValue":"42","children":[]},{"name":"DateTime","type":"TEXT","sampleValue":"2024-10-18T14:50:04Z","children":[]}],"parentObjectName":"ArchetypeData"}]}],"postProcessorCode":"\"let result = processor.responseData;\\nvar isArchetypeData = api.getVariable('isArchetypeData');\\nif(result && result.ArchetypeData && isArchetypeData) {\\n    var archetypeDataLength = Object.keys(result.ArchetypeData).length;\\n    if(archetypeDataLength == 0){\\n        api.setVariableValue('isArchetypeData', false);\\n    } else {\\n        api.setVariableValue('isArchetypeData', true);\\n    }\\n}\\nprocessor.done(result);\\n\"","sampleResponse":{"ConfigData":{"Chart_minimum_range":0,"Chart_maximum_range":47,"Number_of_Y_Lines":10,"No_Data_Text":"No data available to view","Chart_height":250},"ArchetypeData":{"Line_Name":"B-HbA1c (IFCC)","Line_Unit":"mmol/mol","Line_Color":"Green","ValueList":[{"B-HbA1c (IFCC)":42,"DateTime":"2024-10-18T14:50:04Z"},{"B-HbA1c (IFCC)":42,"DateTime":"2024-10-18T14:50:04Z"}]}}},{"name":"Get Chemistry Data","requestMethod":"GET","headers":[],"parameters":[],"id":"d9063b9d-d87f-4f0b-8cb0-2c7aa606bd98","groupTag":"","pathParameters":[{"name":"{ehrId}","value":"%ehrId%","testValue":"cc1837d1-5944-431e-92dc-7ff5829104d4","required":null},{"name":"{fromDate}","value":"","testValue":"2024-11-01","required":null},{"name":"{toDate}","value":"","testValue":"2024-11-15","required":null}],"pathParams":{"{ehrId}":"%ehrId%","{fromDate}":"","{toDate}":""},"customValueSet":null,"url":"{ehrId}/RSK.View.Chemistry.Data?fromDate={fromDate}&toDate={toDate}","responseType":"json","bodyType":"JSON","response":[{"name":"ffromDate","type":"TEXT","sampleValue":"\"2024-10-15T07:23:06.000Z\"","children":[]},{"name":"toDate","type":"TEXT","sampleValue":"\"2024-11-04T07:23:06.000Z\"","children":[]},{"name":"values (list)","type":"LIST","children":[]}],"postProcessorCode":"\"var measurements = [];\\nif(processor.responseData?.length > 0) {\\n    var uniquiIds = [...new Set(processor.responseData?.map(x => x.Id))];\\n    const dates = processor.responseData?.map(item => new Date(item.DateTime));\\n\\n    const minDate = new Date(Math.min(...dates));\\n    const maxDate = new Date(Math.max(...dates));\\n\\n    uniquiIds.forEach(id => {\\n        var data = processor.responseData.filter(y => y.Id === id);\\n        var measurement = {};\\n        measurement.id = data?.[0]?.Id;\\n        measurement.title = data?.[0]?.Name;\\n        measurement.unit = data?.[0]?.Unit || '';\\n        measurement.values = data.map(y => ({\\n            date: y.DateTime,\\n            type: 'score',\\n            value: {\\n                value:  y.Value,\\n                type: 'string'\\n            }\\n        }));\\n        measurements.push(measurement);\\n    });\\n    var result = {\\n        fromDate: minDate,\\n        toDate: maxDate,\\n        values: measurements\\n    };\\n} else {\\n     var result = {\\n        ffromDate: api.getVariable('startDate').value,\\n        toDate: api.getVariable('endDate').value,\\n        values: measurements\\n    };\\n}\\n\\nprocessor.done(result);\\n\"","preProcessorCode":"\"const isDataLoaded = api.getVariable('isDataLoaded').value;\\nif (isDataLoaded == \\\"false\\\") {\\n    api.setVariableValue('isDataLoaded', true);\\n    api.callApi('RSK_Chemistry_Data', 'Get Max Date', true)\\n        .then((result) => {\\n            if (result && result.length == 0) {\\n                api.setVariableValue('isNoData', true);\\n            } else {\\n                const toDate = new Date(result[0].DateTime);\\n                let fromDate = new Date(result[0].DateTime);\\n                fromDate.setDate(fromDate.getDate() - 20);\\n                api.setVariableValue('startDate', fromDate);\\n                api.setVariableValue('endDate', toDate);\\n            }\\n            processor.done();\\n        })\\n        .catch((e) =>\\n            processor.error(e)\\n        );\\n} else {\\n    processor.done();\\n}\"","sampleResponse":{"ffromDate":"\"2024-10-15T07:23:06.000Z\"","toDate":"\"2024-11-04T07:23:06.000Z\"","values":[]}},{"name":"Get Chemistry TotalRecords","requestMethod":"GET","headers":[],"parameters":[],"id":"c8d61124-6cb2-494f-b8c6-44ff7e12208e","groupTag":"","pathParameters":[{"name":"{ehrId}","value":"%ehrId%","testValue":"cc1837d1-5944-431e-92dc-7ff5829104d4","required":null}],"pathParams":{"{ehrId}":"%ehrId%"},"customValueSet":null,"url":"{ehrId}/RSK.View.Chemistry.TotalRecords","responseType":"json","bodyType":"JSON","response":[{"name":"value (list)","type":"LIST","sampleValue":"","children":[{"name":"TotalRecords","type":"NUMBER","sampleValue":"267","children":[]}]}],"sampleResponse":[{"TotalRecords":267}]},{"name":"Get Max Date","requestMethod":"GET","headers":[],"parameters":[],"id":"3118febe-dd69-4875-b78c-d20564cba227","groupTag":"","pathParameters":[{"name":"{ehrId}","value":"%ehrId%","testValue":"baeb8407-12db-4aa4-8088-0e5ec1475ead","required":null}],"pathParams":{"{ehrId}":"%ehrId%"},"customValueSet":null,"url":"{ehrId}/RSK.View.Chemistry.MaxDate","responseType":"json","bodyType":"JSON","response":[{"name":"value (list)","type":"LIST","sampleValue":"","children":[{"name":"DateTime","type":"TEXT","sampleValue":"2024-11-04T07:23:06Z","children":[]}]}],"sampleResponse":[{"DateTime":"2024-11-04T07:23:06Z"}]}]}