{"name":"RSK.View.Widget.Line.Chart.P-PSA","category":null,"description":"RSK.View.Widget.Line.Chart.P-PSA","metaData":"{\r\n    \"parameters\": [\r\n    {\r\n        \"name\": \"ehrId\",\r\n        \"type\": \"string\",\r\n        \"format\": \"\",\r\n        \"description\": \"ehr id\"\r\n    }]\r\n}","steps":[{"processorName":"js","processorData":"function compute(ctx, src) {\r\n    var promises = {\r\n        labQuery: Ehr.query({\r\n            aql: `SELECT c/uid/value as CompositionId,\r\n                g/items[at0024]/value/defining_code/code_string AS Id,\r\n                g/items[at0024]/value/value AS Name,\r\n                g/items[at0001,'Analysresultat (kvantitet)']/value/magnitude AS Value,\r\n                g/items[at0001,'Analysresultat (kvantitet)']/value/units AS Unit,\r\n                c/context/start_time/value as DateTime\r\n                FROM EHR e\r\n                CONTAINS COMPOSITION c[openEHR-EHR-COMPOSITION.report-result.v1]\r\n                CONTAINS CLUSTER g[openEHR-EHR-CLUSTER.laboratory_test_analyte.v1] \r\n                WHERE e/ehr_id/value = :ehrId \r\n                AND c/archetype_details/template_id/value = \"Lab_result_report_TCPOC\" \r\n                AND Name = \"P-PSA\" AND Id = \"NPU08669\" \r\n                ORDER BY DateTime ASC`,\r\n            params: ctx.vars\r\n        })\r\n    };\r\n\r\n    var result = {};\r\n    var labData = [];\r\n    Ehr.allhash(promises, function (res) {\r\n        labData = res['labQuery'];\r\n        result = {\"ConfigData\": getConfigurationData(labData), \"ArchetypeData\": getProcessedLabData(labData)};\r\n    });\r\n    return result;\r\n}\r\n\r\nfunction getConfigurationData(labData){\r\n    const maxValue = labData.reduce((max, obj) => {\r\n    return obj.Value > max ? obj.Value : max;\r\n    }, 0);\r\n    return {\r\n        \"Chart_minimum_range\": 0,\r\n        \"Chart_maximum_range\": maxValue > 0 ? maxValue + 5 : 0,\r\n        \"Number_of_Y_Lines\": 10,\r\n        \"No_Data_Text\": \"No data available to view\",\r\n        \"Chart_height\": 250\r\n    };\r\n}\r\n\r\nfunction getProcessedLabData(labData) {\r\n    var result = {};\r\n    if (labData && labData.length > 0) {\r\n        const valueList = labData.map(item => {\r\n            const value = {};\r\n            value[item.Name] = item.Value;\r\n            value[\"DateTime\"] = item.DateTime;\r\n            return value;\r\n        })\r\n        result = {\r\n            \"Line_Name\": labData[0][\"Name\"],\r\n            \"Line_Unit\": labData[0][\"Unit\"],\r\n            \"Line_Color\": \"Red\", \r\n            \"ValueList\": valueList\r\n        };\r\n    }\r\n    return result;\r\n}\r\n"}]}