{"name":"RSK.View.ActivityList","category":null,"description":"RSK.View.ActivityList","metaData":"{\r\n    \"parameters\": [\r\n    {\r\n        \"name\": \"ehrId\",\r\n        \"type\": \"string\",\r\n        \"format\": \"\",\r\n        \"description\": \"Ehr Id\"\r\n    },\r\n    {\r\n      \"name\": \"startDateTime\",\r\n      \"type\": \"string\",\r\n      \"format\": \"date-time\",\r\n      \"description\": \"Start Date Time\"\r\n    },\r\n    {\r\n      \"name\": \"endDateTime\",\r\n      \"type\": \"string\",\r\n      \"format\": \"date-time\",\r\n      \"description\": \"End Date Time\"\r\n    },\r\n    {\r\n        \"name\": \"ActivityIds\",\r\n        \"type\": \"array\",\r\n        \"format\": \"string\",\r\n        \"description\": \"Activity Ids\"\r\n    }\r\n]\r\n}","steps":[{"processorName":"jsonFtlAql","processorData":"SELECT c/uid/value as CompositionUid,\r\n       c/context/other_context[at0001]/items[openEHR-EHR-CLUSTER.composition_metadata_tc.v1]/items[openEHR-EHR-CLUSTER.document_provenance_tc.v1,'Sparad']/items[at0016]/value/value AS LastSavedDateTime,\r\n       \"\" AS DisplayLastSavedDateTime,\r\n       m/activities[at0001]/description[at0009]/items[at0121]/value/defining_code/code_string AS ActivityId,\r\n       m/activities[at0001]/description[at0009]/items[at0121]/value/value AS ActivityName,\r\n       m/activities[at0001]/description[at0009]/items[at0135]/value/value AS Instructions,\r\n       m/activities[at0001]/description[at0009]/items[openEHR-EHR-CLUSTER.activity_extension_tc.v0]/items[at0013]/value/value AS CarriedOutDateTime,\r\n       \"\" AS DisplayCarriedOutDateTime,\r\n       m/activities[at0001]/description[at0009]/items[at0148]/value/defining_code/code_string AS ProfessionCode,\r\n       m/activities[at0001]/description[at0009]/items[at0148]/value/value AS ProfessionName,\r\n       c/context/other_context[at0001]/items[openEHR-EHR-CLUSTER.composition_metadata_tc.v1]/items[openEHR-EHR-CLUSTER.document_provenance_tc.v1,'Skapat']/items[at0006]/items[at0007]/value/id AS CreatedCareUnitId,\r\n       c/context/other_context[at0001]/items[openEHR-EHR-CLUSTER.composition_metadata_tc.v1]/items[openEHR-EHR-CLUSTER.document_provenance_tc.v1,'Skapat']/items[at0006]/items[at0008]/value/value AS CreatedCareUnitName,\r\n       c/context/start_time/value as DateTime\r\nFROM EHR e[ehr_id/value =:ehrId]\r\nCONTAINS COMPOSITION c[openEHR-EHR-COMPOSITION.request.v1] \r\nCONTAINS (INSTRUCTION m[openEHR-EHR-INSTRUCTION.service_request.v1]) \r\nWHERE c/archetype_details/template_id/value = 'RS - Activity' \r\n<#if ctx.vars.startDateTime?? && ctx.vars.endDateTime??>\r\n    AND LastSavedDateTime >=:startDateTime and LastSavedDateTime <=:endDateTime\r\n</#if>\r\n<#if ctx.vars.ActivityIds??>\r\n    AND ActivityId MATCHES {:ActivityIds} \r\n</#if>\r\nORDER BY LastSavedDateTime DESC"}]}