{"name":"MockData","id":"cbb903e2-0acf-43e3-bc71-f898b56abff5","headers":[],"parameters":[],"authentication":{"params":[],"type":"None"},"baseUrl":null,"calls":[{"name":"SimpleChartAPI","requestMethod":"GET","headers":[],"parameters":[],"id":"f312d0b6-28d6-4f7d-a9ec-9c6cf2a10c40","pathParameters":[{"name":"{ehrId}","value":"%ehrId%","testValue":"16ed1cce-1bbf-4fba-b20f-ccb447987f61","required":null}],"pathParams":{"{ehrId}":"%ehrId%"},"customValueSet":null,"responseType":"json","bodyType":"JSON","response":[{"name":"ConfigData (list)","type":"LIST","sampleValue":"","children":[{"name":"Chart_minimum_range","type":"NUMBER","sampleValue":"0","children":[]},{"name":"Chart_maximum_range","type":"NUMBER","sampleValue":"200","children":[]},{"name":"Number_of_Y_Lines","type":"NUMBER","sampleValue":"10","children":[]},{"name":"No_Data_Text","type":"TEXT","sampleValue":"Ingen data tillgänglig att visa","children":[]},{"name":"No_Data_Text_en","type":"TEXT","sampleValue":"No data available to view","children":[]},{"name":"No_Data_Text_sv","type":"TEXT","sampleValue":"Ingen data tillgänglig att visa","children":[]},{"name":"Chart_height","type":"NUMBER","sampleValue":"300","children":[]}]},{"name":"ArchetypeList","type":"OBJECT","sampleValue":"","children":[{"name":"Systolic","type":"OBJECT","sampleValue":"","children":[{"name":"Line_Name_en","type":"TEXT","sampleValue":"Systolic","children":[],"parentObjectName":"Systolic"},{"name":"Line_Name_sv","type":"TEXT","sampleValue":"Systoliskt","children":[],"parentObjectName":"Systolic"},{"name":"Line_Name","type":"TEXT","sampleValue":"Systoliskt","children":[],"parentObjectName":"Systolic"},{"name":"Line_Color","type":"TEXT","sampleValue":"Blue","children":[],"parentObjectName":"Systolic"},{"name":"ValueList (list)","type":"LIST","sampleValue":"","children":[{"name":"Systolic","type":"NUMBER","sampleValue":"100","children":[]},{"name":"DateTime","type":"TEXT","sampleValue":"2024-09-12T09:17:42.144496919Z","children":[]}],"parentObjectName":"Systolic"}],"parentObjectName":"ArchetypeList"},{"name":"Diastolic","type":"OBJECT","sampleValue":"","children":[{"name":"Line_Name_en","type":"TEXT","sampleValue":"Diastolic","children":[],"parentObjectName":"Diastolic"},{"name":"Line_Name_sv","type":"TEXT","sampleValue":"Diastoliskt","children":[],"parentObjectName":"Diastolic"},{"name":"Line_Name","type":"TEXT","sampleValue":"Diastoliskt","children":[],"parentObjectName":"Diastolic"},{"name":"Line Color","type":"TEXT","sampleValue":"Red","children":[],"parentObjectName":"Diastolic"},{"name":"ValueList (list)","type":"LIST","sampleValue":"","children":[{"name":"Diastolic","type":"NUMBER","sampleValue":"75","children":[]},{"name":"DateTime","type":"TEXT","sampleValue":"2024-09-12T09:17:42.144496919Z","children":[]}],"parentObjectName":"Diastolic"}],"parentObjectName":"ArchetypeList"},{"name":"Pulse","type":"OBJECT","sampleValue":"","children":[{"name":"Line_Name_en","type":"TEXT","sampleValue":"Pulse","children":[],"parentObjectName":"Pulse"},{"name":"Line_Name_sv","type":"TEXT","sampleValue":"Puls","children":[],"parentObjectName":"Pulse"},{"name":"Line_Name","type":"TEXT","sampleValue":"Puls","children":[],"parentObjectName":"Pulse"},{"name":"Line_Color","type":"TEXT","sampleValue":"Green","children":[],"parentObjectName":"Pulse"},{"name":"ValueList (list)","type":"LIST","sampleValue":"","children":[{"name":"Pulse","type":"NUMBER","sampleValue":"62","children":[]},{"name":"DateTime","type":"TEXT","sampleValue":"2024-09-12T09:17:42.144496919Z","children":[]}],"parentObjectName":"Pulse"}],"parentObjectName":"ArchetypeList"}]}],"groupTag":"","url":"https://open-platform-migration.service.tietoevry.com/ehr/rest/v1/view/{ehrId}/RSK.View.Widget.SimpleLineChart","postProcessorCode":"\"// /* Example:\\n// let result = processor.responseData[0].data;\\n\\n// // when you are done with the post-request, call processor.done(result) to finish the request\\n// processor.done(result);\\n// */\\n\\n\\nlet result = processor.responseData;\\nvar configData = result.ConfigData[0];\\nvar archetypeList = result.ArchetypeList;\\nvar resultList = []\\n\\nvar languageObj = api.getVariable('formLanguage');\\n// console.log('languageObj', languageObj);\\n// languageObj.value = 'sv';\\nvar language = 'en';\\nlanguage = languageObj && languageObj.value ? languageObj.value : 'en';\\n\\n// if(languageObj && languageObj.value && languageObj.value != undefined) {\\nif(language){    \\n    if(configData && configData != undefined) {\\n        configData.No_Data_Text = language == 'sv' ?  configData.No_Data_Text_sv : language == 'en' ? configData.No_Data_Text_en : configData.No_Data_Text;\\n        resultList.push({\\\"ConfigData\\\": configData});\\n    }\\n\\n    if(archetypeList && archetypeList!= undefined && archetypeList.length > 0) {\\n        var localArchetypeDataList = [];\\n        archetypeList.forEach(function(archetype) {\\n            archetype.ArchetypeData.Line_Name = language == 'sv' ?  archetype.ArchetypeData.Line_Name_sv : language == 'en' ? archetype.ArchetypeData.Line_Name_en : archetype.ArchetypeData.Line_Name;\\n        // localArchetypeData.map({\\\"key\\\": archetype.ArchetypeName, \\\"value\\\":  archetype.ArchetypeData});\\n        localArchetypeDataList.push({[archetype.ArchetypeName] : archetype.ArchetypeData});\\n        let localArchetypeData = Object.assign({}, ...localArchetypeDataList);\\n        result.ArchetypeList = localArchetypeData;\\n        });\\n    }\\n}\\n    // console.log('localArchetypeData', localArchetypeData);\\n    // console.log('configData', configData);\\n    // console.log('archetypeList', result.ArchetypeList);\\n    console.log('result', JSON.stringify(result));\\n //api.setVariableValue('formLanguage', result);\\n\\n processor.done(result);\"","sampleResponse":{"ConfigData":[{"Chart_minimum_range":0,"Chart_maximum_range":200,"Number_of_Y_Lines":10,"No_Data_Text":"Ingen data tillgänglig att visa","No_Data_Text_en":"No data available to view","No_Data_Text_sv":"Ingen data tillgänglig att visa","Chart_height":300}],"ArchetypeList":{"Systolic":{"Line_Name_en":"Systolic","Line_Name_sv":"Systoliskt","Line_Name":"Systoliskt","Line_Color":"Blue","ValueList":[{"Systolic":100,"DateTime":"2024-09-12T09:17:42.144496919Z"},{"Systolic":130,"DateTime":"2024-09-14T09:17:42.144496919Z"},{"Systolic":150,"DateTime":"2024-09-16T09:17:42.144496919Z"}]},"Diastolic":{"Line_Name_en":"Diastolic","Line_Name_sv":"Diastoliskt","Line_Name":"Diastoliskt","Line Color":"Red","ValueList":[{"Diastolic":75,"DateTime":"2024-09-12T09:17:42.144496919Z"},{"Diastolic":85,"DateTime":"2024-09-14T09:17:42.144496919Z"},{"Diastolic":80,"DateTime":"2024-09-16T09:17:42.144496919Z"}]},"Pulse":{"Line_Name_en":"Pulse","Line_Name_sv":"Puls","Line_Name":"Puls","Line_Color":"Green","ValueList":[{"Pulse":62,"DateTime":"2024-09-12T09:17:42.144496919Z"},{"Pulse":60,"DateTime":"2024-09-14T09:17:42.144496919Z"},{"Pulse":55,"DateTime":"2024-09-16T09:17:42.144496919Z"}]}}}},{"name":"MockRunChartAPI","requestMethod":"GET","headers":[],"parameters":[],"id":"9ed264e5-f4d0-4b43-92e3-101fef807392","pathParameters":[],"pathParams":{},"customValueSet":{"ValueList":{"SystolicList":{"ChartName":"Systolic","Unit":"mm[Hg]","ScaleMin":0,"ScaleMax":200,"ReferenceMin":100,"ReferenceMax":140,"Values":[{"Systolic":100,"DateTime":"2024-09-12T09:17:42.144496919Z"},{"Systolic":130,"DateTime":"2024-09-14T09:17:42.144496919Z"},{"Systolic":160,"DateTime":"2024-09-16T09:17:42.144496919Z"},{"Systolic":220,"DateTime":"2024-09-18T09:17:42.144496919Z"}]},"DiastolicList":{"ChartName":"Diastolic","Unit":"mm[Hg]","ScaleMin":0,"ScaleMax":150,"ReferenceMin":50,"ReferenceMax":100,"Values":[{"Diastolic":50,"DateTime":"2024-09-12T09:17:42.144496919Z"},{"Diastolic":70,"DateTime":"2024-09-14T09:17:42.144496919Z"},{"Diastolic":110,"DateTime":"2024-09-16T09:17:42.144496919Z"},{"Diastolic":160,"DateTime":"2024-09-18T09:17:42.144496919Z"}]},"TemperatureList":{"ChartName":"Temperature","Unit":"Cel","ScaleMin":0,"ScaleMax":50,"ReferenceMin":30,"ReferenceMax":40,"Values":[{"Temperature":34,"DateTime":"2024-09-12T09:17:42.144496919Z"},{"Temperature":36,"DateTime":"2024-09-14T09:17:42.144496919Z"},{"Temperature":42,"DateTime":"2024-09-16T09:17:42.144496919Z"},{"Temperature":52,"DateTime":"2024-09-18T09:17:42.144496919Z"}]}}},"responseType":"json","bodyType":"JSON","response":[{"name":"ValueList","type":"OBJECT","sampleValue":"","children":[{"name":"SystolicList","type":"OBJECT","sampleValue":"","children":[{"name":"ChartName","type":"TEXT","sampleValue":"Systolic","children":[],"parentObjectName":"SystolicList"},{"name":"Unit","type":"TEXT","sampleValue":"mm[Hg]","children":[],"parentObjectName":"SystolicList"},{"name":"ScaleMin","type":"NUMBER","sampleValue":"0","children":[],"parentObjectName":"SystolicList"},{"name":"ScaleMax","type":"NUMBER","sampleValue":"200","children":[],"parentObjectName":"SystolicList"},{"name":"ReferenceMin","type":"NUMBER","sampleValue":"100","children":[],"parentObjectName":"SystolicList"},{"name":"ReferenceMax","type":"NUMBER","sampleValue":"140","children":[],"parentObjectName":"SystolicList"},{"name":"Values (list)","type":"LIST","sampleValue":"","children":[{"name":"Systolic","type":"NUMBER","sampleValue":"100","children":[]},{"name":"DateTime","type":"TEXT","sampleValue":"2024-09-12T09:17:42.144496919Z","children":[]}],"parentObjectName":"SystolicList"}],"parentObjectName":"ValueList"},{"name":"DiastolicList","type":"OBJECT","sampleValue":"","children":[{"name":"ChartName","type":"TEXT","sampleValue":"Diastolic","children":[],"parentObjectName":"DiastolicList"},{"name":"Unit","type":"TEXT","sampleValue":"mm[Hg]","children":[],"parentObjectName":"DiastolicList"},{"name":"ScaleMin","type":"NUMBER","sampleValue":"0","children":[],"parentObjectName":"DiastolicList"},{"name":"ScaleMax","type":"NUMBER","sampleValue":"150","children":[],"parentObjectName":"DiastolicList"},{"name":"ReferenceMin","type":"NUMBER","sampleValue":"50","children":[],"parentObjectName":"DiastolicList"},{"name":"ReferenceMax","type":"NUMBER","sampleValue":"100","children":[],"parentObjectName":"DiastolicList"},{"name":"Values (list)","type":"LIST","sampleValue":"","children":[{"name":"Diastolic","type":"NUMBER","sampleValue":"50","children":[]},{"name":"DateTime","type":"TEXT","sampleValue":"2024-09-12T09:17:42.144496919Z","children":[]}],"parentObjectName":"DiastolicList"}],"parentObjectName":"ValueList"},{"name":"TemperatureList","type":"OBJECT","sampleValue":"","children":[{"name":"ChartName","type":"TEXT","sampleValue":"Temperature","children":[],"parentObjectName":"TemperatureList"},{"name":"Unit","type":"TEXT","sampleValue":"Cel","children":[],"parentObjectName":"TemperatureList"},{"name":"ScaleMin","type":"NUMBER","sampleValue":"0","children":[],"parentObjectName":"TemperatureList"},{"name":"ScaleMax","type":"NUMBER","sampleValue":"50","children":[],"parentObjectName":"TemperatureList"},{"name":"ReferenceMin","type":"NUMBER","sampleValue":"30","children":[],"parentObjectName":"TemperatureList"},{"name":"ReferenceMax","type":"NUMBER","sampleValue":"40","children":[],"parentObjectName":"TemperatureList"},{"name":"Values (list)","type":"LIST","sampleValue":"","children":[{"name":"Temperature","type":"NUMBER","sampleValue":"34","children":[]},{"name":"DateTime","type":"TEXT","sampleValue":"2024-09-12T09:17:42.144496919Z","children":[]}],"parentObjectName":"TemperatureList"}],"parentObjectName":"ValueList"}]}],"groupTag":"","sampleResponse":{"ValueList":{"SystolicList":{"ChartName":"Systolic","Unit":"mm[Hg]","ScaleMin":0,"ScaleMax":200,"ReferenceMin":100,"ReferenceMax":140,"Values":[{"Systolic":100,"DateTime":"2024-09-12T09:17:42.144496919Z"},{"Systolic":130,"DateTime":"2024-09-14T09:17:42.144496919Z"},{"Systolic":160,"DateTime":"2024-09-16T09:17:42.144496919Z"}]},"DiastolicList":{"ChartName":"Diastolic","Unit":"mm[Hg]","ScaleMin":0,"ScaleMax":150,"ReferenceMin":50,"ReferenceMax":100,"Values":[{"Diastolic":50,"DateTime":"2024-09-12T09:17:42.144496919Z"},{"Diastolic":70,"DateTime":"2024-09-14T09:17:42.144496919Z"},{"Diastolic":110,"DateTime":"2024-09-16T09:17:42.144496919Z"}]},"TemperatureList":{"ChartName":"Temperature","Unit":"Cel","ScaleMin":0,"ScaleMax":50,"ReferenceMin":30,"ReferenceMax":40,"Values":[{"Temperature":34,"DateTime":"2024-09-12T09:17:42.144496919Z"},{"Temperature":36,"DateTime":"2024-09-14T09:17:42.144496919Z"},{"Temperature":42,"DateTime":"2024-09-16T09:17:42.144496919Z"}]}}}},{"name":"MockTimelineAPI","requestMethod":"GET","headers":[],"parameters":[],"id":"3a439335-c27f-495c-9592-9b57009172e0","pathParameters":[],"pathParams":{},"customValueSet":{"fromDate":"2024-09-01T04:59:48.046048258Z","toDate":"2024-09-30T04:59:48.046048258Z","tests":[{"name":"Temperature","unit":"Cel","values":[{"date":"2024-09-01T04:59:48.046048258Z","type":"string","value":{"value":"10","type":"string"}},{"date":"2024-09-09T04:59:48.046048258Z","type":"string","value":{"value":"20","type":"string"}},{"date":"2024-09-20T04:59:48.046048258Z","type":"string","value":{"value":"30","type":"string"}},{"date":"2024-09-28T04:59:48.046048258Z","type":"string","value":{"value":"10","type":"string"}},{"date":"2024-09-30T04:59:48.046048258Z","type":"string","value":{"value":"90","type":"string"}}]},{"name":"-U-protein","unit":"(remsa) arb enh","values":[{"date":"2024-09-01T04:59:48.046048258Z","type":"string","value":{"value":"Test1","type":"string"}},{"date":"2024-02-17T04:59:48.046048258Z","type":"string","value":{"value":"Test2","type":"string"}},{"date":"2024-03-15T04:59:48.046048258Z","type":"string","value":{"value":"Test3","type":"string"}},{"date":"2024-04-30T04:59:48.046048258Z","type":"string","value":{"value":"Test4","type":"string"}},{"date":"2024-05-16T04:59:48.046048258Z","type":"string","value":{"value":"Test5","type":"string"}}]}]},"responseType":"json","bodyType":"JSON","response":[{"name":"fromDate","type":"TEXT","sampleValue":"2024-09-01T04:59:48.046048258Z","children":[]},{"name":"toDate","type":"TEXT","sampleValue":"2024-09-30T04:59:48.046048258Z","children":[]},{"name":"tests (list)","type":"LIST","sampleValue":"","children":[{"name":"name","type":"TEXT","sampleValue":"Temperature","children":[]},{"name":"unit","type":"TEXT","sampleValue":"Cel","children":[]},{"name":"values (list)","type":"LIST","sampleValue":"","children":[{"name":"date","type":"TEXT","sampleValue":"2024-09-01T04:59:48.046048258Z","children":[]},{"name":"type","type":"TEXT","sampleValue":"string","children":[]},{"name":"value","type":"OBJECT","sampleValue":"","children":[{"name":"value","type":"NUMBER","sampleValue":"10","children":[],"parentObjectName":"value"},{"name":"type","type":"TEXT","sampleValue":"string","children":[],"parentObjectName":"value"}]}]}]}],"groupTag":"","sampleResponse":{"fromDate":"2024-09-01T04:59:48.046048258Z","toDate":"2024-09-30T04:59:48.046048258Z","tests":[{"name":"Temperature","unit":"Cel","values":[{"date":"2024-09-01T04:59:48.046048258Z","type":"string","value":{"value":"10","type":"string"}},{"date":"2024-09-09T04:59:48.046048258Z","type":"string","value":{"value":"20","type":"string"}},{"date":"2024-09-20T04:59:48.046048258Z","type":"string","value":{"value":"30","type":"string"}}]},{"name":"-U-protein","unit":"(remsa) arb enh","values":[{"date":"2024-09-01T04:59:48.046048258Z","type":"string","value":{"value":"Test1","type":"string"}},{"date":"2024-02-17T04:59:48.046048258Z","type":"string","value":{"value":"Test2","type":"string"}},{"date":"2024-03-15T04:59:48.046048258Z","type":"string","value":{"value":"Test3","type":"string"}}]}]}},{"name":"MockKeywordListAPI","requestMethod":"GET","headers":[],"parameters":[],"id":"a5305d1e-441f-4a03-a807-aea168ce607a","pathParameters":[],"pathParams":{},"customValueSet":{"KeywordList":[{"CompositionId":"0a3bd77c-4b8a-4d2e-9e72-4794fd0a422b::default::1","DateTime":"2024-09-01T04:59:48.046048258Z","ViewName":"Doctor","Html":"<div style=\"text-indent:10px;\"><b>Nybesöksanteckning</b></span></div><div style=\"text-indent:20px;\"><b>Remittent</b></span><span>: Jenny Jensen Urolog</span></div><div style=\"text-indent:20px;\"><b>Kontaktorsak</b></span><span>: Prostatacancer, behandlingsdiskussion</span></div>"},{"CompositionId":"2","DateTime":"2024-09-01T04:59:48.046048258Z","ViewName":"Nurse","Html":"<div style=\"text-indent:20px;\"><b>Anamnes</b></span></div><div style=\"text-indent:30px;\"><b>Socialt</b></span><span>: Gift och 3 utflyttade barn. Pensionär efter ett liv i byggbranschen.</span></div><div style=\"text-indent:30px;\"><b>Ärftlighet</b></span><span>: Ingen känd</span></div><div style=\"text-indent:30px;\"><b>Tidigare sjukdomar</b></span><span>: Opererad för diskbråck 2015</span></div><div style=\"text-indent:30px;\"><b>Nuvarande sjukdomar</b></span><span>: Ulcerös kolit, omedicinerad, i inaktiv fas för närvarande.</span></div><div style=\"text-indent:30px;\"><b>Tobak</b></span><span>: Icke rökare</span></div><div style=\"text-indent:20px;\"><b>Aktuellt</b></span><span>: Diagnosticerad med prostatacancer 2018, nu uppgraderad efter stigande PSA med hög PSA-densitet. MR och fusionsbiopsi mot två lesioner i 34Cd respektive 2Av där man funnit 70% Gleason 4-mönster. Cancer i totalt 4 av 7 fusionsbiopsier. Systematiska biopsier med Gleason 3+4 med oklar lokalisation. Tidigare palperad u.a. Patienten har LUTS med primärt urgency och nedsatt erektil funktion.</span></div>"},{"CompositionId":"3","DateTime":"2024-09-02T04:59:48.046048258Z","ViewName":"Doctor","Html":"<div style=\"text-indent:20px;\"><b>Status</b></span></div><div style=\"text-indent:30px;\"><b>Allmäntillstånd</b></span><span>: Gott och opåverkat</span></div><div style=\"text-indent:30px;\"><b>Rektalundersökning</b></span></div><div style=\"text-indent:40px;\"><b>T (DRE)</b></span><span>: 2</span></div><div style=\"text-indent:40px;\"><b>Sida</b></span><span>: vänster</span></div>"},{"CompositionId":"4","DateTime":"2024-09-03T04:59:48.046048258Z","ViewName":"Nurse","Html":"<div style=\"text-indent:20px;\"><b>Bedömning</b></span><span>: En 72-årig man med uppgraderad prostatacancer enligt ovan. Har diskuterat strålning och kirurgi hos inremitterande. Patienten bedöms operabel på MR med vänstersidig ventral EPE 4 samt tydlig konsistensförändring på vänster sida.   Ger skriftlig information och går igenom riskerna för inkontinens och impotens som följer av robotassisterad prostatektomi. Patienten önskar ytterligare betänketid. Vi planerar höras per telefon inom två veckor för ett beslut om behandling.</span></div><div style=\"text-indent:20px;\"><b>Åtgärd/planering</b></span><span>: Telefonkontakt till undertecknad inom två veckor.</span></div><div style=\"text-indent:20px;\"><b>Diagnos enl ICD-10</b></span><span>: EC619 Malign tumör i prostata</span></div>"}]},"responseType":"json","bodyType":"JSON","response":[{"name":"KeywordList (list)","type":"LIST","sampleValue":"","children":[{"name":"CompositionId","type":"TEXT","sampleValue":"0a3bd77c-4b8a-4d2e-9e72-4794fd0a422b::default::1","children":[]},{"name":"DateTime","type":"TEXT","sampleValue":"2024-09-01T04:59:48.046048258Z","children":[]},{"name":"ViewName","type":"TEXT","sampleValue":"Doctor","children":[]},{"name":"Html","type":"TEXT","sampleValue":"<div style=\"text-indent:10px;\"><b>Nybesöksanteckning</b></span></div><div style=\"text-indent:20px;\"><b>Remittent</b></span><span>: Jenny Jensen Urolog</span></div><div style=\"text-indent:20px;\"><b>Kontaktorsak</b></span><span>: Prostatacancer, behandlingsdiskussion</span></div>","children":[]}]}],"groupTag":"","sampleResponse":{"KeywordList":[{"CompositionId":"0a3bd77c-4b8a-4d2e-9e72-4794fd0a422b::default::1","DateTime":"2024-09-01T04:59:48.046048258Z","ViewName":"Doctor","Html":"<div style=\"text-indent:10px;\"><b>Nybesöksanteckning</b></span></div><div style=\"text-indent:20px;\"><b>Remittent</b></span><span>: Jenny Jensen Urolog</span></div><div style=\"text-indent:20px;\"><b>Kontaktorsak</b></span><span>: Prostatacancer, behandlingsdiskussion</span></div>"},{"CompositionId":"2","DateTime":"2024-09-01T04:59:48.046048258Z","ViewName":"Nurse","Html":"<div style=\"text-indent:20px;\"><b>Anamnes</b></span></div><div style=\"text-indent:30px;\"><b>Socialt</b></span><span>: Gift och 3 utflyttade barn. Pensionär efter ett liv i byggbranschen.</span></div><div style=\"text-indent:30px;\"><b>Ärftlighet</b></span><span>: Ingen känd</span></div><div style=\"text-indent:30px;\"><b>Tidigare sjukdomar</b></span><span>: Opererad för diskbråck 2015</span></div><div style=\"text-indent:30px;\"><b>Nuvarande sjukdomar</b></span><span>: Ulcerös kolit, omedicinerad, i inaktiv fas för närvarande.</span></div><div style=\"text-indent:30px;\"><b>Tobak</b></span><span>: Icke rökare</span></div><div style=\"text-indent:20px;\"><b>Aktuellt</b></span><span>: Diagnosticerad med prostatacancer 2018, nu uppgraderad efter stigande PSA med hög PSA-densitet. MR och fusionsbiopsi mot två lesioner i 34Cd respektive 2Av där man funnit 70% Gleason 4-mönster. Cancer i totalt 4 av 7 fusionsbiopsier. Systematiska biopsier med Gleason 3+4 med oklar lokalisation. Tidigare palperad u.a. Patienten har LUTS med primärt urgency och nedsatt erektil funktion.</span></div>"},{"CompositionId":"3","DateTime":"2024-09-02T04:59:48.046048258Z","ViewName":"Doctor","Html":"<div style=\"text-indent:20px;\"><b>Status</b></span></div><div style=\"text-indent:30px;\"><b>Allmäntillstånd</b></span><span>: Gott och opåverkat</span></div><div style=\"text-indent:30px;\"><b>Rektalundersökning</b></span></div><div style=\"text-indent:40px;\"><b>T (DRE)</b></span><span>: 2</span></div><div style=\"text-indent:40px;\"><b>Sida</b></span><span>: vänster</span></div>"}]}},{"name":"MockKeywordCompositionAPI","requestMethod":"GET","headers":[],"parameters":[],"id":"87795ee1-b299-4b9a-9dca-ead2ceeeae5d","pathParameters":[],"pathParams":{},"customValueSet":[[{"CompositionId":"57ff9dd9-07c1-4d7c-a4f7-39e1d277e21c::default::1","KeywordId":"a0d5cfa9-f7f3-4afb-b864-dd9e98dedd58","Name":"Nybesöksanteckning","TermId":4022,"Value":null,"Comment":null,"LinkType":"Parent","LinkTarget":"1","Children":[{"CompositionId":"57ff9dd9-07c1-4d7c-a4f7-39e1d277e21c::default::1","KeywordId":"477f79e2-049f-4652-ac98-088ed1238a87","Name":"Remittent","TermId":3320,"Value":null,"Comment":"Jenny Jensen Urolog","LinkType":"Child","LinkTarget":"ehr://a0d5cfa9-f7f3-4afb-b864-dd9e98dedd58","Children":""},{"CompositionId":"57ff9dd9-07c1-4d7c-a4f7-39e1d277e21c::default::1","KeywordId":"3afefeee-fc71-4d8e-94cc-098fba2bd1f7","Name":"Kontaktorsak","TermId":2312,"Value":"Prostatacancer, behandlingsdiskussion","Comment":null,"LinkType":"Child","LinkTarget":"ehr://a0d5cfa9-f7f3-4afb-b864-dd9e98dedd58","Children":""},{"CompositionId":"57ff9dd9-07c1-4d7c-a4f7-39e1d277e21c::default::1","KeywordId":"8bfbd042-9274-4aa9-a7dd-23a499eae169","Name":"Anamnes","TermId":1828,"Value":null,"Comment":null,"LinkType":"Parent","LinkTarget":"2","Children":[{"CompositionId":"57ff9dd9-07c1-4d7c-a4f7-39e1d277e21c::default::1","KeywordId":"901d57b8-3976-467c-b10a-783582026e21","Name":"Socialt","TermId":2009,"Value":"Gift och 3 utflyttade barn. Pensionär efter ett liv i byggbranschen.","Comment":null,"LinkType":"Child","LinkTarget":"ehr://8bfbd042-9274-4aa9-a7dd-23a499eae169","Children":""},{"CompositionId":"57ff9dd9-07c1-4d7c-a4f7-39e1d277e21c::default::1","KeywordId":"04906996-c4d0-45ae-a2ce-88e33248c9ee","Name":"Ärftlighet","TermId":1895,"Value":"Ingen känd","Comment":null,"LinkType":"Child","LinkTarget":"ehr://8bfbd042-9274-4aa9-a7dd-23a499eae169","Children":""},{"CompositionId":"57ff9dd9-07c1-4d7c-a4f7-39e1d277e21c::default::1","KeywordId":"ca41f9b2-4df3-456d-ab95-26b1097cede2","Name":"Tidigare sjukdomar","TermId":2115,"Value":"Opererad för diskbråck 2015","Comment":null,"LinkType":"Child","LinkTarget":"ehr://8bfbd042-9274-4aa9-a7dd-23a499eae169","Children":""},{"CompositionId":"57ff9dd9-07c1-4d7c-a4f7-39e1d277e21c::default::1","KeywordId":"1e2a9c0a-228d-405c-9038-f26bdf424f97","Name":"Nuvarande sjukdomar","TermId":2410,"Value":"Ulcerös kolit, omedicinerad, i inaktiv fas för närvarande.","Comment":null,"LinkType":"Child","LinkTarget":"ehr://8bfbd042-9274-4aa9-a7dd-23a499eae169","Children":""},{"CompositionId":"57ff9dd9-07c1-4d7c-a4f7-39e1d277e21c::default::1","KeywordId":"ab64c296-38b5-4fc9-97fa-b28a74fa2cf5","Name":"Tobak","TermId":2147,"Value":"Icke rökare","Comment":null,"LinkType":"Child","LinkTarget":"ehr://8bfbd042-9274-4aa9-a7dd-23a499eae169","Children":""}]},{"CompositionId":"57ff9dd9-07c1-4d7c-a4f7-39e1d277e21c::default::1","KeywordId":"5810f65e-53de-4110-a918-9d2fba9ed0f5","Name":"Aktuellt","TermId":5197,"Value":"Diagnosticerad med prostatacancer 2018, nu uppgraderad efter stigande PSA med hög PSA-densitet. MR och fusionsbiopsi mot två lesioner i 34Cd respektive 2Av där man funnit 70% Gleason 4-mönster. Cancer i totalt 4 av 7 fusionsbiopsier. Systematiska biopsier med Gleason 3+4 med oklar lokalisation. Tidigare palperad u.a. Patienten har LUTS med primärt urgency och nedsatt erektil funktion.","Comment":null,"LinkType":"Child","LinkTarget":"ehr://a0d5cfa9-f7f3-4afb-b864-dd9e98dedd58","Children":""},{"CompositionId":"57ff9dd9-07c1-4d7c-a4f7-39e1d277e21c::default::1","KeywordId":"7fcd3005-d23a-4331-a53f-d4870a8083d5","Name":"Status","TermId":2016,"Value":null,"Comment":null,"LinkType":"Parent","LinkTarget":"2","Children":[{"CompositionId":"57ff9dd9-07c1-4d7c-a4f7-39e1d277e21c::default::1","KeywordId":"e34a5710-527f-4c52-b83c-10422bad9ea0","Name":"Allmäntillstånd","TermId":1826,"Value":"Gott och opåverkat","Comment":null,"LinkType":"Child","LinkTarget":"ehr://7fcd3005-d23a-4331-a53f-d4870a8083d5","Children":""},{"CompositionId":"57ff9dd9-07c1-4d7c-a4f7-39e1d277e21c::default::1","KeywordId":"0d681c8f-2bc3-447e-8816-9942bbce4da9","Name":"Rektalundersökning","TermId":11984,"Value":null,"Comment":null,"LinkType":"Parent","LinkTarget":"3","Children":[{"CompositionId":"57ff9dd9-07c1-4d7c-a4f7-39e1d277e21c::default::1","KeywordId":"873b4bfd-4687-4a17-ab5c-3434c5baa8b0","Name":"T (DRE)","TermId":11983,"Value":"2","Comment":null,"LinkType":"Child","LinkTarget":"ehr://0d681c8f-2bc3-447e-8816-9942bbce4da9","Children":""},{"CompositionId":"57ff9dd9-07c1-4d7c-a4f7-39e1d277e21c::default::1","KeywordId":"b993fe97-1472-4cef-96bb-ac642b0e5a79","Name":"Sida","TermId":11941,"Value":"vänster","Comment":null,"LinkType":"Child","LinkTarget":"ehr://0d681c8f-2bc3-447e-8816-9942bbce4da9","Children":""}]}]},{"CompositionId":"57ff9dd9-07c1-4d7c-a4f7-39e1d277e21c::default::1","KeywordId":"54864be4-11ba-4a7f-9cd2-bffe03982dca","Name":"Bedömning","TermId":1843,"Value":"En 72-årig man med uppgraderad prostatacancer enligt ovan. Har diskuterat strålning och kirurgi hos inremitterande. Patienten bedöms operabel på MR med vänstersidig ventral EPE 4 samt tydlig konsistensförändring på vänster sida.   Ger skriftlig information och går igenom riskerna för inkontinens och impotens som följer av robotassisterad prostatektomi. Patienten önskar ytterligare betänketid. Vi planerar höras per telefon inom två veckor för ett beslut om behandling.","Comment":null,"LinkType":"Child","LinkTarget":"ehr://a0d5cfa9-f7f3-4afb-b864-dd9e98dedd58","Children":""},{"CompositionId":"57ff9dd9-07c1-4d7c-a4f7-39e1d277e21c::default::1","KeywordId":"701c7686-2144-4c46-bce7-877238b60cc5","Name":"Åtgärd/planering","TermId":220,"Value":"Telefonkontakt till undertecknad inom två veckor.","Comment":null,"LinkType":"Child","LinkTarget":"ehr://a0d5cfa9-f7f3-4afb-b864-dd9e98dedd58","Children":""},{"CompositionId":"57ff9dd9-07c1-4d7c-a4f7-39e1d277e21c::default::1","KeywordId":"b4b507f7-5599-4d5d-8e16-3bc38ea5090b","Name":"Diagnos enl ICD-10","TermId":6531,"Value":"C619 Malign tumör i prostata","Comment":null,"LinkType":"Child","LinkTarget":"ehr://a0d5cfa9-f7f3-4afb-b864-dd9e98dedd58","Children":""}]}]],"responseType":"json","bodyType":"JSON","response":[{"name":"value (list)","type":"LIST","sampleValue":"","children":[{"name":"value (list)","type":"LIST","sampleValue":"","children":[{"name":"CompositionId","type":"TEXT","sampleValue":"57ff9dd9-07c1-4d7c-a4f7-39e1d277e21c::default::1","children":[]},{"name":"KeywordId","type":"TEXT","sampleValue":"a0d5cfa9-f7f3-4afb-b864-dd9e98dedd58","children":[]},{"name":"Name","type":"TEXT","sampleValue":"Nybesöksanteckning","children":[]},{"name":"TermId","type":"NUMBER","sampleValue":"4022","children":[]},{"name":"Value","type":"OBJECT","sampleValue":"","children":[]},{"name":"Comment","type":"OBJECT","sampleValue":"","children":[]},{"name":"LinkType","type":"TEXT","sampleValue":"Parent","children":[]},{"name":"LinkTarget","type":"NUMBER","sampleValue":"1","children":[]},{"name":"Children (list)","type":"LIST","sampleValue":"","children":[{"name":"CompositionId","type":"TEXT","sampleValue":"57ff9dd9-07c1-4d7c-a4f7-39e1d277e21c::default::1","children":[]},{"name":"KeywordId","type":"TEXT","sampleValue":"477f79e2-049f-4652-ac98-088ed1238a87","children":[]},{"name":"Name","type":"TEXT","sampleValue":"Remittent","children":[]},{"name":"TermId","type":"NUMBER","sampleValue":"3320","children":[]},{"name":"Value","type":"OBJECT","sampleValue":"","children":[]},{"name":"Comment","type":"TEXT","sampleValue":"Jenny Jensen Urolog","children":[]},{"name":"LinkType","type":"TEXT","sampleValue":"Child","children":[]},{"name":"LinkTarget","type":"TEXT","sampleValue":"ehr://a0d5cfa9-f7f3-4afb-b864-dd9e98dedd58","children":[]},{"name":"Children","type":"NUMBER","sampleValue":"","children":[]}]}]}]}],"groupTag":"","sampleResponse":[[{"CompositionId":"57ff9dd9-07c1-4d7c-a4f7-39e1d277e21c::default::1","KeywordId":"a0d5cfa9-f7f3-4afb-b864-dd9e98dedd58","Name":"Nybesöksanteckning","TermId":4022,"Value":null,"Comment":null,"LinkType":"Parent","LinkTarget":"1","Children":[{"CompositionId":"57ff9dd9-07c1-4d7c-a4f7-39e1d277e21c::default::1","KeywordId":"477f79e2-049f-4652-ac98-088ed1238a87","Name":"Remittent","TermId":3320,"Value":null,"Comment":"Jenny Jensen Urolog","LinkType":"Child","LinkTarget":"ehr://a0d5cfa9-f7f3-4afb-b864-dd9e98dedd58","Children":""},{"CompositionId":"57ff9dd9-07c1-4d7c-a4f7-39e1d277e21c::default::1","KeywordId":"3afefeee-fc71-4d8e-94cc-098fba2bd1f7","Name":"Kontaktorsak","TermId":2312,"Value":"Prostatacancer, behandlingsdiskussion","Comment":null,"LinkType":"Child","LinkTarget":"ehr://a0d5cfa9-f7f3-4afb-b864-dd9e98dedd58","Children":""},{"CompositionId":"57ff9dd9-07c1-4d7c-a4f7-39e1d277e21c::default::1","KeywordId":"8bfbd042-9274-4aa9-a7dd-23a499eae169","Name":"Anamnes","TermId":1828,"Value":null,"Comment":null,"LinkType":"Parent","LinkTarget":"2","Children":[{"CompositionId":"57ff9dd9-07c1-4d7c-a4f7-39e1d277e21c::default::1","KeywordId":"901d57b8-3976-467c-b10a-783582026e21","Name":"Socialt","TermId":2009,"Value":"Gift och 3 utflyttade barn. Pensionär efter ett liv i byggbranschen.","Comment":null,"LinkType":"Child","LinkTarget":"ehr://8bfbd042-9274-4aa9-a7dd-23a499eae169","Children":""},{"CompositionId":"57ff9dd9-07c1-4d7c-a4f7-39e1d277e21c::default::1","KeywordId":"04906996-c4d0-45ae-a2ce-88e33248c9ee","Name":"Ärftlighet","TermId":1895,"Value":"Ingen känd","Comment":null,"LinkType":"Child","LinkTarget":"ehr://8bfbd042-9274-4aa9-a7dd-23a499eae169","Children":""},{"CompositionId":"57ff9dd9-07c1-4d7c-a4f7-39e1d277e21c::default::1","KeywordId":"ca41f9b2-4df3-456d-ab95-26b1097cede2","Name":"Tidigare sjukdomar","TermId":2115,"Value":"Opererad för diskbråck 2015","Comment":null,"LinkType":"Child","LinkTarget":"ehr://8bfbd042-9274-4aa9-a7dd-23a499eae169","Children":""}]}]}]]},{"name":"Get CaseNote List call","requestMethod":"GET","headers":[],"parameters":[],"id":"3782e381-1819-4177-bc96-38fb4e752929","groupTag":"","pathParameters":[{"name":"{ehrId}","value":"%ehrId%","testValue":"16ed1cce-1bbf-4fba-b20f-ccb447987f61","required":null}],"pathParams":{"{ehrId}":"%ehrId%"},"customValueSet":null,"url":"https://open-platform-migration.service.tietoevry.com/ehr/rest/v1/view/{ehrId}/RSK.View.CaseNoteList","responseType":"json","bodyType":"JSON","response":[{"name":"value (list)","type":"LIST","sampleValue":"","children":[{"name":"Uid","type":"TEXT","sampleValue":"203f8388-cb28-4157-bed8-bfffd4651460::default::1","children":[]},{"name":"Tidsstämpel_för_sparat_dokument","type":"TEXT","sampleValue":"2024-10-04T05:39:29.531Z","children":[]},{"name":"Dokument_ID","type":"TEXT","sampleValue":"195207291591-39","children":[]},{"name":"Dokumentnamn","type":"TEXT","sampleValue":"Nybesöksanteckning","children":[]},{"name":"Dokumentationskod","type":"TEXT","sampleValue":"BES","children":[]},{"name":"Dokument_skapad_av_yrkestitel_ID","type":"OBJECT","sampleValue":"","children":[]},{"name":"Vårdenhet_Namn","type":"TEXT","sampleValue":"CareUnitName","children":[]},{"name":"Vårdenhet_Identifierare","type":"OBJECT","sampleValue":"","children":[]},{"name":"DateTime","type":"TEXT","sampleValue":"2024-10-04T09:55:15.534Z","children":[]}]}],"postProcessorCode":"\"/* Example:\\nlet result = processor.responseData[0].data;\\n\\n// when you are done with the post-request, call processor.done(result) to finish the request\\nprocessor.done(result);\\n*/\\napi.callApi('MockData', 'myApiCall', false)\\n    .then((result) => {\\n        //api.setVariableValue('myVariable', result);\\n        processor.done();\\n    })\\n    .catch((e) =>\\n      processor.error(e)\\n    );\\n\"","sampleResponse":[{"Uid":"203f8388-cb28-4157-bed8-bfffd4651460::default::1","Tidsstämpel_för_sparat_dokument":"2024-10-04T05:39:29.531Z","Dokument_ID":"195207291591-39","Dokumentnamn":"Nybesöksanteckning","Dokumentationskod":"BES","Dokument_skapad_av_yrkestitel_ID":null,"Vårdenhet_Namn":"CareUnitName","Vårdenhet_Identifierare":null,"DateTime":"2024-10-04T09:55:15.534Z"},{"Uid":"0a3bd77c-4b8a-4d2e-9e72-4794fd0a422b::default::1","Tidsstämpel_för_sparat_dokument":"2024-10-04T05:39:29.531Z","Dokument_ID":"195207291591-39","Dokumentnamn":"Nybesöksanteckning","Dokumentationskod":"BES","Dokument_skapad_av_yrkestitel_ID":null,"Vårdenhet_Namn":"CareUnitName","Vårdenhet_Identifierare":null,"DateTime":"2024-10-04T09:55:15.534Z"},{"Uid":"0a3bd77c-4b8a-4d2e-9e72-4794fd0a422b::default::1","Tidsstämpel_för_sparat_dokument":"2024-10-04T05:39:29.531Z","Dokument_ID":"195207291591-39","Dokumentnamn":"Nybesöksanteckning","Dokumentationskod":"BES","Dokument_skapad_av_yrkestitel_ID":null,"Vårdenhet_Namn":"CareProviderName","Vårdenhet_Identifierare":null,"DateTime":"2024-10-04T09:55:15.534Z"}]},{"name":"Get CaseNote API call","requestMethod":"GET","headers":[],"parameters":[],"id":"32a7b1e3-2a6f-49c5-add7-b2c6eb9c0242","groupTag":"","pathParameters":[{"name":"{ehrId}","value":"%ehrId%","testValue":"16ed1cce-1bbf-4fba-b20f-ccb447987f61","required":null},{"name":"{compId}","value":"%compositionId%","testValue":"0a3bd77c-4b8a-4d2e-9e72-4794fd0a422b::default::1","required":null}],"pathParams":{"{ehrId}":"%ehrId%","{compId}":"%compositionId%"},"customValueSet":null,"url":"https://open-platform-migration.service.tietoevry.com/ehr/rest/v1/view/{ehrId}/RSK.View.CaseNote?compId={compId}","responseType":"json","bodyType":"JSON","response":[{"name":"value (list)","type":"LIST","sampleValue":"","children":[{"name":"CaseData","type":"TEXT","sampleValue":"<div style=\"text-indent:10px; margin-bottom:10px;\"><b>Nybesöksanteckning</b></span></div><div style=\"text-indent:20px; margin-bottom:10px;\"><b>Remittent</b></span><span>: Jenny Jensen Urolog</span></div><div style=\"text-indent:20px; margin-bottom:10px;\"><b>Kontaktorsak</b></span><span>: Prostatacancer, behandlingsdiskussion</span></div><div style=\"text-indent:20px; margin-bottom:10px;\"><b>Anamnes</b></span></div><div style=\"text-indent:30px; margin-bottom:10px;\"><b>Socialt</b></span><span>: Gift och 3 utflyttade barn. Pensionär efter ett liv i byggbranschen.</span></div><div style=\"text-indent:30px; margin-bottom:10px;\"><b>Ärftlighet</b></span><span>: Ingen känd</span></div><div style=\"text-indent:30px; margin-bottom:10px;\"><b>Tidigare sjukdomar</b></span><span>: Opererad för diskbråck 2015</span></div><div style=\"text-indent:30px; margin-bottom:10px;\"><b>Nuvarande sjukdomar</b></span><span>: Ulcerös kolit, omedicinerad, i inaktiv fas för närvarande.</span></div><div style=\"text-indent:30px; margin-bottom:10px;\"><b>Tobak</b></span><span>: Icke rökare</span></div><div style=\"text-indent:20px; margin-bottom:10px;\"><b>Aktuellt</b></span><span>: Diagnosticerad med prostatacancer 2018, nu uppgraderad efter stigande PSA med hög PSA-densitet. MR och fusionsbiopsi mot två lesioner i 34Cd respektive 2Av där man funnit 70% Gleason 4-mönster. Cancer i totalt 4 av 7 fusionsbiopsier. Systematiska biopsier med Gleason 3+4 med oklar lokalisation. Tidigare palperad u.a. Patienten har LUTS med primärt urgency och nedsatt erektil funktion.</span></div><div style=\"text-indent:20px; margin-bottom:10px;\"><b>Status</b></span></div><div style=\"text-indent:30px; margin-bottom:10px;\"><b>Allmäntillstånd</b></span><span>: Gott och opåverkat</span></div><div style=\"text-indent:30px; margin-bottom:10px;\"><b>Rektalundersökning</b></span></div><div style=\"text-indent:40px; margin-bottom:10px;\"><b>T (DRE)</b></span><span>: 2</span></div><div style=\"text-indent:40px; margin-bottom:10px;\"><b>Sida</b></span><span>: vänster</span></div><div style=\"text-indent:20px; margin-bottom:10px;\"><b>Bedömning</b></span><span>: En 72-årig man med uppgraderad prostatacancer enligt ovan. Har diskuterat strålning och kirurgi hos inremitterande. Patienten bedöms operabel på MR med vänstersidig ventral EPE 4 samt tydlig konsistensförändring på vänster sida.   Ger skriftlig information och går igenom riskerna för inkontinens och impotens som följer av robotassisterad prostatektomi. Patienten önskar ytterligare betänketid. Vi planerar höras per telefon inom två veckor för ett beslut om behandling.</span></div><div style=\"text-indent:20px; margin-bottom:10px;\"><b>Åtgärd/planering</b></span><span>: Telefonkontakt till undertecknad inom två veckor.</span></div><div style=\"text-indent:20px; margin-bottom:10px;\"><b>Diagnos enl ICD-10</b></span><span>: EC619 Malign tumör i prostata</span></div>","children":[]}]}],"sampleResponse":[{"CaseData":"<div style=\"text-indent:10px; margin-bottom:10px;\"><b>Nybesöksanteckning</b></span></div><div style=\"text-indent:20px; margin-bottom:10px;\"><b>Remittent</b></span><span>: Jenny Jensen Urolog</span></div><div style=\"text-indent:20px; margin-bottom:10px;\"><b>Kontaktorsak</b></span><span>: Prostatacancer, behandlingsdiskussion</span></div><div style=\"text-indent:20px; margin-bottom:10px;\"><b>Anamnes</b></span></div><div style=\"text-indent:30px; margin-bottom:10px;\"><b>Socialt</b></span><span>: Gift och 3 utflyttade barn. Pensionär efter ett liv i byggbranschen.</span></div><div style=\"text-indent:30px; margin-bottom:10px;\"><b>Ärftlighet</b></span><span>: Ingen känd</span></div><div style=\"text-indent:30px; margin-bottom:10px;\"><b>Tidigare sjukdomar</b></span><span>: Opererad för diskbråck 2015</span></div><div style=\"text-indent:30px; margin-bottom:10px;\"><b>Nuvarande sjukdomar</b></span><span>: Ulcerös kolit, omedicinerad, i inaktiv fas för närvarande.</span></div><div style=\"text-indent:30px; margin-bottom:10px;\"><b>Tobak</b></span><span>: Icke rökare</span></div><div style=\"text-indent:20px; margin-bottom:10px;\"><b>Aktuellt</b></span><span>: Diagnosticerad med prostatacancer 2018, nu uppgraderad efter stigande PSA med hög PSA-densitet. MR och fusionsbiopsi mot två lesioner i 34Cd respektive 2Av där man funnit 70% Gleason 4-mönster. Cancer i totalt 4 av 7 fusionsbiopsier. Systematiska biopsier med Gleason 3+4 med oklar lokalisation. Tidigare palperad u.a. Patienten har LUTS med primärt urgency och nedsatt erektil funktion.</span></div><div style=\"text-indent:20px; margin-bottom:10px;\"><b>Status</b></span></div><div style=\"text-indent:30px; margin-bottom:10px;\"><b>Allmäntillstånd</b></span><span>: Gott och opåverkat</span></div><div style=\"text-indent:30px; margin-bottom:10px;\"><b>Rektalundersökning</b></span></div><div style=\"text-indent:40px; margin-bottom:10px;\"><b>T (DRE)</b></span><span>: 2</span></div><div style=\"text-indent:40px; margin-bottom:10px;\"><b>Sida</b></span><span>: vänster</span></div><div style=\"text-indent:20px; margin-bottom:10px;\"><b>Bedömning</b></span><span>: En 72-årig man med uppgraderad prostatacancer enligt ovan. Har diskuterat strålning och kirurgi hos inremitterande. Patienten bedöms operabel på MR med vänstersidig ventral EPE 4 samt tydlig konsistensförändring på vänster sida.   Ger skriftlig information och går igenom riskerna för inkontinens och impotens som följer av robotassisterad prostatektomi. Patienten önskar ytterligare betänketid. Vi planerar höras per telefon inom två veckor för ett beslut om behandling.</span></div><div style=\"text-indent:20px; margin-bottom:10px;\"><b>Åtgärd/planering</b></span><span>: Telefonkontakt till undertecknad inom två veckor.</span></div><div style=\"text-indent:20px; margin-bottom:10px;\"><b>Diagnos enl ICD-10</b></span><span>: EC619 Malign tumör i prostata</span></div>"}]},{"name":"Mock Get CaseNote API call","requestMethod":"GET","headers":[],"parameters":[],"id":"bac5c2ae-a520-478c-a97d-3a8e3ca817e5","groupTag":"","pathParameters":[],"pathParams":{},"customValueSet":{"CaseData":"<div style=\"text-indent:10px;\"><b>Nybesöksanteckning</b></span></div><div style=\"text-indent:20px;\"><b>Remittent</b></span><span>: Jenny Jensen Urolog</span></div><div style=\"text-indent:20px;\"><b>Kontaktorsak</b></span><span>: Prostatacancer, behandlingsdiskussion</span></div>"},"responseType":"json","bodyType":"JSON","response":[{"name":"CaseData","type":"TEXT","sampleValue":"<div style=\"text-indent:10px;\"><b>Nybesöksanteckning</b></span></div><div style=\"text-indent:20px;\"><b>Remittent</b></span><span>: Jenny Jensen Urolog</span></div><div style=\"text-indent:20px;\"><b>Kontaktorsak</b></span><span>: Prostatacancer, behandlingsdiskussion</span></div>","children":[]}],"sampleResponse":{"CaseData":"<div style=\"text-indent:10px;\"><b>Nybesöksanteckning</b></span></div><div style=\"text-indent:20px;\"><b>Remittent</b></span><span>: Jenny Jensen Urolog</span></div><div style=\"text-indent:20px;\"><b>Kontaktorsak</b></span><span>: Prostatacancer, behandlingsdiskussion</span></div>"}},{"name":"Mock Get CareUnits API call","requestMethod":"GET","headers":[],"parameters":[],"id":"8af389e3-3eea-411e-8b68-ad8d2ed549df","groupTag":"","pathParameters":[],"pathParams":{},"customValueSet":{"CareUnitList":[{"CareUnitId":"123","CareUnitName":"CareUnit_123"},{"CareUnitId":"456","CareUnitName":"CareUnit_456"},{"CareUnitId":"789","CareUnitName":"CareUnit_789"}]},"responseType":"json","bodyType":"JSON","response":[{"name":"CareUnitList (list)","type":"LIST","sampleValue":"","children":[{"name":"CareUnitId","type":"NUMBER","sampleValue":"123","children":[]},{"name":"CareUnitName","type":"TEXT","sampleValue":"CareUnit_123","children":[]}]}],"sampleResponse":{"CareUnitList":[{"CareUnitId":"123","CareUnitName":"CareUnit_123"},{"CareUnitId":"456","CareUnitName":"CareUnit_456"},{"CareUnitId":"789","CareUnitName":"CareUnit_789"}]}},{"name":"MockSimpleChartAPI","requestMethod":"GET","headers":[],"parameters":[],"id":"1e8d326e-ec4d-4aa1-bffd-63c0187107d8","groupTag":"","pathParameters":[],"pathParams":{},"customValueSet":{"ConfigData":[{"Chart_minimum_range":0,"Chart_maximum_range":200,"Number_of_Y_Lines":10,"No_Data_Text":"Ingen data tillgänglig att visa","No_Data_Text_en":"No data available to view","No_Data_Text_sv":"Ingen data tillgänglig att visa","Chart_height":300}],"ArchetypeList":{"Systolic":{"Line_Name_en":"Systolic","Line_Name_sv":"Systoliskt","Line_Name":"Systoliskt","Line_Color":"Blue","ValueList":[{"Systolic":100,"DateTime":"2024-09-12T09:17:42.144496919Z"},{"Systolic":130,"DateTime":"2024-09-14T09:17:42.144496919Z"},{"Systolic":150,"DateTime":"2024-09-16T09:17:42.144496919Z"},{"Systolic":190,"DateTime":"2024-09-18T09:17:42.144496919Z"}]},"Diastolic":{"Line_Name_en":"Diastolic","Line_Name_sv":"Diastoliskt","Line_Name":"Diastoliskt","Line Color":"Red","ValueList":[{"Diastolic":75,"DateTime":"2024-09-12T09:17:42.144496919Z"},{"Diastolic":85,"DateTime":"2024-09-14T09:17:42.144496919Z"},{"Diastolic":80,"DateTime":"2024-09-16T09:17:42.144496919Z"},{"Diastolic":90,"DateTime":"2024-09-18T09:17:42.144496919Z"}]},"Pulse":{"Line_Name_en":"Pulse","Line_Name_sv":"Puls","Line_Name":"Puls","Line_Color":"Green","ValueList":[{"Pulse":62,"DateTime":"2024-09-12T09:17:42.144496919Z"},{"Pulse":60,"DateTime":"2024-09-14T09:17:42.144496919Z"},{"Pulse":55,"DateTime":"2024-09-16T09:17:42.144496919Z"},{"Pulse":73,"DateTime":"2024-09-18T09:17:42.144496919Z"}]}}},"responseType":"json","bodyType":"JSON","response":[{"name":"ConfigData (list)","type":"LIST","sampleValue":"","children":[{"name":"Chart_minimum_range","type":"NUMBER","sampleValue":"0","children":[]},{"name":"Chart_maximum_range","type":"NUMBER","sampleValue":"200","children":[]},{"name":"Number_of_Y_Lines","type":"NUMBER","sampleValue":"10","children":[]},{"name":"No_Data_Text","type":"TEXT","sampleValue":"Ingen data tillgänglig att visa","children":[]},{"name":"No_Data_Text_en","type":"TEXT","sampleValue":"No data available to view","children":[]},{"name":"No_Data_Text_sv","type":"TEXT","sampleValue":"Ingen data tillgänglig att visa","children":[]},{"name":"Chart_height","type":"NUMBER","sampleValue":"300","children":[]}]},{"name":"ArchetypeList","type":"OBJECT","sampleValue":"","children":[{"name":"Systolic","type":"OBJECT","sampleValue":"","children":[{"name":"Line_Name_en","type":"TEXT","sampleValue":"Systolic","children":[],"parentObjectName":"Systolic"},{"name":"Line_Name_sv","type":"TEXT","sampleValue":"Systoliskt","children":[],"parentObjectName":"Systolic"},{"name":"Line_Name","type":"TEXT","sampleValue":"Systoliskt","children":[],"parentObjectName":"Systolic"},{"name":"Line_Color","type":"TEXT","sampleValue":"Blue","children":[],"parentObjectName":"Systolic"},{"name":"ValueList (list)","type":"LIST","sampleValue":"","children":[{"name":"Systolic","type":"NUMBER","sampleValue":"100","children":[]},{"name":"DateTime","type":"TEXT","sampleValue":"2024-09-12T09:17:42.144496919Z","children":[]}],"parentObjectName":"Systolic"}],"parentObjectName":"ArchetypeList"},{"name":"Diastolic","type":"OBJECT","sampleValue":"","children":[{"name":"Line_Name_en","type":"TEXT","sampleValue":"Diastolic","children":[],"parentObjectName":"Diastolic"},{"name":"Line_Name_sv","type":"TEXT","sampleValue":"Diastoliskt","children":[],"parentObjectName":"Diastolic"},{"name":"Line_Name","type":"TEXT","sampleValue":"Diastoliskt","children":[],"parentObjectName":"Diastolic"},{"name":"Line Color","type":"TEXT","sampleValue":"Red","children":[],"parentObjectName":"Diastolic"},{"name":"ValueList (list)","type":"LIST","sampleValue":"","children":[{"name":"Diastolic","type":"NUMBER","sampleValue":"75","children":[]},{"name":"DateTime","type":"TEXT","sampleValue":"2024-09-12T09:17:42.144496919Z","children":[]}],"parentObjectName":"Diastolic"}],"parentObjectName":"ArchetypeList"},{"name":"Pulse","type":"OBJECT","sampleValue":"","children":[{"name":"Line_Name_en","type":"TEXT","sampleValue":"Pulse","children":[],"parentObjectName":"Pulse"},{"name":"Line_Name_sv","type":"TEXT","sampleValue":"Puls","children":[],"parentObjectName":"Pulse"},{"name":"Line_Name","type":"TEXT","sampleValue":"Puls","children":[],"parentObjectName":"Pulse"},{"name":"Line_Color","type":"TEXT","sampleValue":"Green","children":[],"parentObjectName":"Pulse"},{"name":"ValueList (list)","type":"LIST","sampleValue":"","children":[{"name":"Pulse","type":"NUMBER","sampleValue":"62","children":[]},{"name":"DateTime","type":"TEXT","sampleValue":"2024-09-12T09:17:42.144496919Z","children":[]}],"parentObjectName":"Pulse"}],"parentObjectName":"ArchetypeList"}]}],"sampleResponse":{"ConfigData":[{"Chart_minimum_range":0,"Chart_maximum_range":200,"Number_of_Y_Lines":10,"No_Data_Text":"Ingen data tillgänglig att visa","No_Data_Text_en":"No data available to view","No_Data_Text_sv":"Ingen data tillgänglig att visa","Chart_height":300}],"ArchetypeList":{"Systolic":{"Line_Name_en":"Systolic","Line_Name_sv":"Systoliskt","Line_Name":"Systoliskt","Line_Color":"Blue","ValueList":[{"Systolic":100,"DateTime":"2024-09-12T09:17:42.144496919Z"},{"Systolic":130,"DateTime":"2024-09-14T09:17:42.144496919Z"},{"Systolic":150,"DateTime":"2024-09-16T09:17:42.144496919Z"}]},"Diastolic":{"Line_Name_en":"Diastolic","Line_Name_sv":"Diastoliskt","Line_Name":"Diastoliskt","Line Color":"Red","ValueList":[{"Diastolic":75,"DateTime":"2024-09-12T09:17:42.144496919Z"},{"Diastolic":85,"DateTime":"2024-09-14T09:17:42.144496919Z"},{"Diastolic":80,"DateTime":"2024-09-16T09:17:42.144496919Z"}]},"Pulse":{"Line_Name_en":"Pulse","Line_Name_sv":"Puls","Line_Name":"Puls","Line_Color":"Green","ValueList":[{"Pulse":62,"DateTime":"2024-09-12T09:17:42.144496919Z"},{"Pulse":60,"DateTime":"2024-09-14T09:17:42.144496919Z"},{"Pulse":55,"DateTime":"2024-09-16T09:17:42.144496919Z"}]}}}},{"name":"Mock Widger Score_or_scale API call","requestMethod":"GET","headers":[],"parameters":[],"id":"ce5d5bd1-555e-44c2-ab0c-88da041b8486","groupTag":"","pathParameters":[],"pathParams":{},"customValueSet":{"ConfigData":[{"Widget_label":"New_1","Widget_label_en":"New_1","Widget_label_sv":"New_1","Card_type":"card","Data_validity_period":10}],"RiskLevelList":{"NormalLevel":{"Level_position":1,"From":0,"To":5,"Risk_color":"gray","Risk_stage_label":"Normal","Risk_stage_label_en":"Normal","Risk_stage_label_sv":"Normal"},"HigherLevel":{"Level_position":2,"From":6,"To":8,"Risk_color":"yellow","Risk_stage_label":"Higher","Risk_stage_label_en":"Higher","Risk_stage_label_sv":"Higher"},"WarningLevel":{"Level_position":3,"From":8,"To":10,"Risk_color":"orange","Risk_stage_label":"Warning","Risk_stage_label_en":"Warning","Risk_stage_label_sv":"Warning"},"DangerLevel":{"Level_position":4,"From":10,"To":13,"Risk_color":"red","Risk_stage_label":"Danger","Risk_stage_label_en":"Danger","Risk_stage_label_sv":"Danger"},"HighDangerLevel":{"Level_position":5,"From":14,"To":20,"Risk_color":"red-danger","Risk_stage_label":"High Danger","Risk_stage_label_en":"High Danger","Risk_stage_label_sv":"High Danger"}},"ValueList":[{"Score":9,"DateTime":"2024-09-12T09:17:42.144496919Z"},{"Score":7,"DateTime":"2024-09-11T09:17:42.144496919Z"},{"Score":9,"DateTime":"2024-09-10T09:17:42.144496919Z"},{"Score":11,"DateTime":"2024-09-09T09:17:42.144496919Z"},{"Score":15,"DateTime":"2024-09-09T08:17:42.144496919Z"}]},"responseType":"json","bodyType":"JSON","response":[{"name":"ConfigData (list)","type":"LIST","sampleValue":"","children":[{"name":"Widget_label","type":"TEXT","sampleValue":"New_1","children":[]},{"name":"Widget_label_en","type":"TEXT","sampleValue":"New_1","children":[]},{"name":"Widget_label_sv","type":"TEXT","sampleValue":"New_1","children":[]},{"name":"Card_type","type":"TEXT","sampleValue":"card","children":[]},{"name":"Data_validity_period","type":"NUMBER","sampleValue":"10","children":[]}]},{"name":"RiskLevelList","type":"OBJECT","sampleValue":"","children":[{"name":"NormalLevel","type":"OBJECT","sampleValue":"","children":[{"name":"Level_position","type":"NUMBER","sampleValue":"1","children":[],"parentObjectName":"NormalLevel"},{"name":"From","type":"NUMBER","sampleValue":"0","children":[],"parentObjectName":"NormalLevel"},{"name":"To","type":"NUMBER","sampleValue":"5","children":[],"parentObjectName":"NormalLevel"},{"name":"Risk_color","type":"TEXT","sampleValue":"gray","children":[],"parentObjectName":"NormalLevel"},{"name":"Risk_stage_label","type":"TEXT","sampleValue":"Normal","children":[],"parentObjectName":"NormalLevel"},{"name":"Risk_stage_label_en","type":"TEXT","sampleValue":"Normal","children":[],"parentObjectName":"NormalLevel"},{"name":"Risk_stage_label_sv","type":"TEXT","sampleValue":"Normal","children":[],"parentObjectName":"NormalLevel"}],"parentObjectName":"RiskLevelList"},{"name":"HigherLevel","type":"OBJECT","sampleValue":"","children":[{"name":"Level_position","type":"NUMBER","sampleValue":"2","children":[],"parentObjectName":"HigherLevel"},{"name":"From","type":"NUMBER","sampleValue":"6","children":[],"parentObjectName":"HigherLevel"},{"name":"To","type":"NUMBER","sampleValue":"8","children":[],"parentObjectName":"HigherLevel"},{"name":"Risk_color","type":"TEXT","sampleValue":"yellow","children":[],"parentObjectName":"HigherLevel"},{"name":"Risk_stage_label","type":"TEXT","sampleValue":"Higher","children":[],"parentObjectName":"HigherLevel"},{"name":"Risk_stage_label_en","type":"TEXT","sampleValue":"Higher","children":[],"parentObjectName":"HigherLevel"},{"name":"Risk_stage_label_sv","type":"TEXT","sampleValue":"Higher","children":[],"parentObjectName":"HigherLevel"}],"parentObjectName":"RiskLevelList"},{"name":"WarningLevel","type":"OBJECT","sampleValue":"","children":[{"name":"Level_position","type":"NUMBER","sampleValue":"3","children":[],"parentObjectName":"WarningLevel"},{"name":"From","type":"NUMBER","sampleValue":"8","children":[],"parentObjectName":"WarningLevel"},{"name":"To","type":"NUMBER","sampleValue":"10","children":[],"parentObjectName":"WarningLevel"},{"name":"Risk_color","type":"TEXT","sampleValue":"orange","children":[],"parentObjectName":"WarningLevel"},{"name":"Risk_stage_label","type":"TEXT","sampleValue":"Warning","children":[],"parentObjectName":"WarningLevel"},{"name":"Risk_stage_label_en","type":"TEXT","sampleValue":"Warning","children":[],"parentObjectName":"WarningLevel"},{"name":"Risk_stage_label_sv","type":"TEXT","sampleValue":"Warning","children":[],"parentObjectName":"WarningLevel"}],"parentObjectName":"RiskLevelList"},{"name":"DangerLevel","type":"OBJECT","sampleValue":"","children":[{"name":"Level_position","type":"NUMBER","sampleValue":"4","children":[],"parentObjectName":"DangerLevel"},{"name":"From","type":"NUMBER","sampleValue":"10","children":[],"parentObjectName":"DangerLevel"},{"name":"To","type":"NUMBER","sampleValue":"13","children":[],"parentObjectName":"DangerLevel"},{"name":"Risk_color","type":"TEXT","sampleValue":"red","children":[],"parentObjectName":"DangerLevel"},{"name":"Risk_stage_label","type":"TEXT","sampleValue":"Danger","children":[],"parentObjectName":"DangerLevel"},{"name":"Risk_stage_label_en","type":"TEXT","sampleValue":"Danger","children":[],"parentObjectName":"DangerLevel"},{"name":"Risk_stage_label_sv","type":"TEXT","sampleValue":"Danger","children":[],"parentObjectName":"DangerLevel"}],"parentObjectName":"RiskLevelList"},{"name":"HighDangerLevel","type":"OBJECT","sampleValue":"","children":[{"name":"Level_position","type":"NUMBER","sampleValue":"5","children":[],"parentObjectName":"HighDangerLevel"},{"name":"From","type":"NUMBER","sampleValue":"14","children":[],"parentObjectName":"HighDangerLevel"},{"name":"To","type":"NUMBER","sampleValue":"20","children":[],"parentObjectName":"HighDangerLevel"},{"name":"Risk_color","type":"TEXT","sampleValue":"red-danger","children":[],"parentObjectName":"HighDangerLevel"},{"name":"Risk_stage_label","type":"TEXT","sampleValue":"High Danger","children":[],"parentObjectName":"HighDangerLevel"},{"name":"Risk_stage_label_en","type":"TEXT","sampleValue":"High Danger","children":[],"parentObjectName":"HighDangerLevel"},{"name":"Risk_stage_label_sv","type":"TEXT","sampleValue":"High Danger","children":[],"parentObjectName":"HighDangerLevel"}],"parentObjectName":"RiskLevelList"}]},{"name":"ValueList (list)","type":"LIST","sampleValue":"","children":[{"name":"Score","type":"NUMBER","sampleValue":"9","children":[]},{"name":"DateTime","type":"TEXT","sampleValue":"2024-09-12T09:17:42.144496919Z","children":[]}]}],"sampleResponse":{"ConfigData":[{"Widget_label":"New_1","Widget_label_en":"New_1","Widget_label_sv":"New_1","Card_type":"card","Data_validity_period":10}],"RiskLevelList":{"NormalLevel":{"Level_position":1,"From":0,"To":5,"Risk_color":"gray","Risk_stage_label":"Normal","Risk_stage_label_en":"Normal","Risk_stage_label_sv":"Normal"},"HigherLevel":{"Level_position":2,"From":6,"To":8,"Risk_color":"yellow","Risk_stage_label":"Higher","Risk_stage_label_en":"Higher","Risk_stage_label_sv":"Higher"},"WarningLevel":{"Level_position":3,"From":8,"To":10,"Risk_color":"orange","Risk_stage_label":"Warning","Risk_stage_label_en":"Warning","Risk_stage_label_sv":"Warning"},"DangerLevel":{"Level_position":4,"From":10,"To":13,"Risk_color":"red","Risk_stage_label":"Danger","Risk_stage_label_en":"Danger","Risk_stage_label_sv":"Danger"},"HighDangerLevel":{"Level_position":5,"From":14,"To":20,"Risk_color":"red-danger","Risk_stage_label":"High Danger","Risk_stage_label_en":"High Danger","Risk_stage_label_sv":"High Danger"}},"ValueList":[{"Score":9,"DateTime":"2024-09-12T09:17:42.144496919Z"},{"Score":7,"DateTime":"2024-09-11T09:17:42.144496919Z"},{"Score":9,"DateTime":"2024-09-10T09:17:42.144496919Z"}]}},{"name":"Mock Widget Score 1 API call","requestMethod":"GET","headers":[],"parameters":[],"id":"f2902c3b-fdae-4d98-a7fc-b99b60c7fcee","groupTag":"","pathParameters":[],"pathParams":{},"customValueSet":{"ConfigData":[{"Widget_label":"Total Score 1","Widget_label_en":"Total Score 1","Widget_label_sv":"Total Score 1","Card_type":"card","Data_validity_period":10}],"RiskLevelList":[{"Level_position":1,"From":0,"To":5,"Risk_color":"gray","Risk_stage_label":"Normal","Risk_stage_label_en":"Normal","Risk_stage_label_sv":"Normal"},{"Level_position":2,"From":6,"To":8,"Risk_color":"yellow","Risk_stage_label":"Higher","Risk_stage_label_en":"Higher","Risk_stage_label_sv":"Higher"},{"Level_position":3,"From":8,"To":10,"Risk_color":"orange","Risk_stage_label":"Warning","Risk_stage_label_en":"Warning","Risk_stage_label_sv":"Warning"},{"Level_position":4,"From":10,"To":13,"Risk_color":"red","Risk_stage_label":"Danger","Risk_stage_label_en":"Danger","Risk_stage_label_sv":"Danger"},{"Level_position":5,"From":14,"To":20,"Risk_color":"red-danger","Risk_stage_label":"High Danger","Risk_stage_label_en":"High Danger","Risk_stage_label_sv":"High Danger"}],"ValueList":[{"Score":9,"DateTime":"2024-09-12T09:17:42.144496919Z"},{"Score":7,"DateTime":"2024-09-11T09:17:42.144496919Z"},{"Score":9,"DateTime":"2024-09-10T09:17:42.144496919Z"},{"Score":11,"DateTime":"2024-09-09T09:17:42.144496919Z"},{"Score":15,"DateTime":"2024-09-09T08:17:42.144496919Z"}]},"responseType":"json","bodyType":"JSON","response":[{"name":"ConfigData (list)","type":"LIST","sampleValue":"","children":[{"name":"Widget_label","type":"TEXT","sampleValue":"Total Score 1","children":[]},{"name":"Widget_label_en","type":"TEXT","sampleValue":"Total Score 1","children":[]},{"name":"Widget_label_sv","type":"TEXT","sampleValue":"Total Score 1","children":[]},{"name":"Card_type","type":"TEXT","sampleValue":"card","children":[]},{"name":"Data_validity_period","type":"NUMBER","sampleValue":"10","children":[]}]},{"name":"RiskLevelList (list)","type":"LIST","sampleValue":"","children":[{"name":"Level_position","type":"NUMBER","sampleValue":"1","children":[]},{"name":"From","type":"NUMBER","sampleValue":"0","children":[]},{"name":"To","type":"NUMBER","sampleValue":"5","children":[]},{"name":"Risk_color","type":"TEXT","sampleValue":"gray","children":[]},{"name":"Risk_stage_label","type":"TEXT","sampleValue":"Normal","children":[]},{"name":"Risk_stage_label_en","type":"TEXT","sampleValue":"Normal","children":[]},{"name":"Risk_stage_label_sv","type":"TEXT","sampleValue":"Normal","children":[]}]},{"name":"ValueList (list)","type":"LIST","sampleValue":"","children":[{"name":"Score","type":"NUMBER","sampleValue":"9","children":[]},{"name":"DateTime","type":"TEXT","sampleValue":"2024-09-12T09:17:42.144496919Z","children":[]}]}],"sampleResponse":{"ConfigData":[{"Widget_label":"Total Score 1","Widget_label_en":"Total Score 1","Widget_label_sv":"Total Score 1","Card_type":"card","Data_validity_period":10}],"RiskLevelList":[{"Level_position":1,"From":0,"To":5,"Risk_color":"gray","Risk_stage_label":"Normal","Risk_stage_label_en":"Normal","Risk_stage_label_sv":"Normal"},{"Level_position":2,"From":6,"To":8,"Risk_color":"yellow","Risk_stage_label":"Higher","Risk_stage_label_en":"Higher","Risk_stage_label_sv":"Higher"},{"Level_position":3,"From":8,"To":10,"Risk_color":"orange","Risk_stage_label":"Warning","Risk_stage_label_en":"Warning","Risk_stage_label_sv":"Warning"}],"ValueList":[{"Score":9,"DateTime":"2024-09-12T09:17:42.144496919Z"},{"Score":7,"DateTime":"2024-09-11T09:17:42.144496919Z"},{"Score":9,"DateTime":"2024-09-10T09:17:42.144496919Z"}]}},{"name":"Mock Widget Score 2 API call","requestMethod":"GET","headers":[],"parameters":[],"id":"108082f3-44aa-4389-9280-a08205c9de5f","groupTag":"","pathParameters":[],"pathParams":{},"customValueSet":{"ConfigData":[{"Widget_label":"Total Score 2","Widget_label_en":"Total Score 2","Widget_label_sv":"Total Score 2","Card_type":"card","Data_validity_period":10}],"RiskLevelList":[{"Level_position":1,"From":0,"To":5,"Risk_color":"gray","Risk_stage_label":"Normal","Risk_stage_label_en":"Normal","Risk_stage_label_sv":"Normal"},{"Level_position":2,"From":6,"To":8,"Risk_color":"yellow","Risk_stage_label":"Higher","Risk_stage_label_en":"Higher","Risk_stage_label_sv":"Higher"},{"Level_position":3,"From":8,"To":10,"Risk_color":"orange","Risk_stage_label":"Warning","Risk_stage_label_en":"Warning","Risk_stage_label_sv":"Warning"},{"Level_position":4,"From":10,"To":13,"Risk_color":"red","Risk_stage_label":"Danger","Risk_stage_label_en":"Danger","Risk_stage_label_sv":"Danger"},{"Level_position":5,"From":14,"To":20,"Risk_color":"red-danger","Risk_stage_label":"High Danger","Risk_stage_label_en":"High Danger","Risk_stage_label_sv":"High Danger"}],"ValueList":[{"Score":18,"DateTime":"2024-09-12T09:17:42.144496919Z"},{"Score":7,"DateTime":"2024-09-11T09:17:42.144496919Z"},{"Score":9,"DateTime":"2024-09-10T09:17:42.144496919Z"},{"Score":11,"DateTime":"2024-09-09T09:17:42.144496919Z"},{"Score":15,"DateTime":"2024-09-09T08:17:42.144496919Z"}]},"responseType":"json","bodyType":"JSON","response":[{"name":"ConfigData (list)","type":"LIST","sampleValue":"","children":[{"name":"Widget_label","type":"TEXT","sampleValue":"Total Score 2","children":[]},{"name":"Widget_label_en","type":"TEXT","sampleValue":"Total Score 2","children":[]},{"name":"Widget_label_sv","type":"TEXT","sampleValue":"Total Score 2","children":[]},{"name":"Card_type","type":"TEXT","sampleValue":"card","children":[]},{"name":"Data_validity_period","type":"NUMBER","sampleValue":"10","children":[]}]},{"name":"RiskLevelList (list)","type":"LIST","sampleValue":"","children":[{"name":"Level_position","type":"NUMBER","sampleValue":"1","children":[]},{"name":"From","type":"NUMBER","sampleValue":"0","children":[]},{"name":"To","type":"NUMBER","sampleValue":"5","children":[]},{"name":"Risk_color","type":"TEXT","sampleValue":"gray","children":[]},{"name":"Risk_stage_label","type":"TEXT","sampleValue":"Normal","children":[]},{"name":"Risk_stage_label_en","type":"TEXT","sampleValue":"Normal","children":[]},{"name":"Risk_stage_label_sv","type":"TEXT","sampleValue":"Normal","children":[]}]},{"name":"ValueList (list)","type":"LIST","sampleValue":"","children":[{"name":"Score","type":"NUMBER","sampleValue":"18","children":[]},{"name":"DateTime","type":"TEXT","sampleValue":"2024-09-12T09:17:42.144496919Z","children":[]}]}],"sampleResponse":{"ConfigData":[{"Widget_label":"Total Score 2","Widget_label_en":"Total Score 2","Widget_label_sv":"Total Score 2","Card_type":"card","Data_validity_period":10}],"RiskLevelList":[{"Level_position":1,"From":0,"To":5,"Risk_color":"gray","Risk_stage_label":"Normal","Risk_stage_label_en":"Normal","Risk_stage_label_sv":"Normal"},{"Level_position":2,"From":6,"To":8,"Risk_color":"yellow","Risk_stage_label":"Higher","Risk_stage_label_en":"Higher","Risk_stage_label_sv":"Higher"},{"Level_position":3,"From":8,"To":10,"Risk_color":"orange","Risk_stage_label":"Warning","Risk_stage_label_en":"Warning","Risk_stage_label_sv":"Warning"}],"ValueList":[{"Score":18,"DateTime":"2024-09-12T09:17:42.144496919Z"},{"Score":7,"DateTime":"2024-09-11T09:17:42.144496919Z"},{"Score":9,"DateTime":"2024-09-10T09:17:42.144496919Z"}]}},{"name":"Mock Widget Score 3 API call","requestMethod":"GET","headers":[],"parameters":[],"id":"1ed34a04-bc5a-4260-8219-cea6689a29fe","groupTag":"","pathParameters":[],"pathParams":{},"customValueSet":{"ConfigData":[{"Widget_label":"Total Score 3","Widget_label_en":"Total Score 3","Widget_label_sv":"Total Score 3","Card_type":"card","Data_validity_period":10}],"RiskLevelList":[{"Level_position":1,"From":0,"To":5,"Risk_color":"gray","Risk_stage_label":"Normal","Risk_stage_label_en":"Normal","Risk_stage_label_sv":"Normal"},{"Level_position":2,"From":6,"To":8,"Risk_color":"yellow","Risk_stage_label":"Higher","Risk_stage_label_en":"Higher","Risk_stage_label_sv":"Higher"},{"Level_position":3,"From":8,"To":10,"Risk_color":"orange","Risk_stage_label":"Warning","Risk_stage_label_en":"Warning","Risk_stage_label_sv":"Warning"},{"Level_position":4,"From":10,"To":13,"Risk_color":"red","Risk_stage_label":"Danger","Risk_stage_label_en":"Danger","Risk_stage_label_sv":"Danger"},{"Level_position":5,"From":14,"To":20,"Risk_color":"red-danger","Risk_stage_label":"High Danger","Risk_stage_label_en":"High Danger","Risk_stage_label_sv":"High Danger"}],"ValueList":[{"Score":3,"DateTime":"2024-09-12T09:17:42.144496919Z"},{"Score":7,"DateTime":"2024-09-11T09:17:42.144496919Z"},{"Score":9,"DateTime":"2024-09-10T09:17:42.144496919Z"},{"Score":11,"DateTime":"2024-09-09T09:17:42.144496919Z"},{"Score":15,"DateTime":"2024-09-09T08:17:42.144496919Z"}]},"responseType":"json","bodyType":"JSON","response":[{"name":"ConfigData (list)","type":"LIST","sampleValue":"","children":[{"name":"Widget_label","type":"TEXT","sampleValue":"Total Score 3","children":[]},{"name":"Widget_label_en","type":"TEXT","sampleValue":"Total Score 3","children":[]},{"name":"Widget_label_sv","type":"TEXT","sampleValue":"Total Score 3","children":[]},{"name":"Card_type","type":"TEXT","sampleValue":"card","children":[]},{"name":"Data_validity_period","type":"NUMBER","sampleValue":"10","children":[]}]},{"name":"RiskLevelList (list)","type":"LIST","sampleValue":"","children":[{"name":"Level_position","type":"NUMBER","sampleValue":"1","children":[]},{"name":"From","type":"NUMBER","sampleValue":"0","children":[]},{"name":"To","type":"NUMBER","sampleValue":"5","children":[]},{"name":"Risk_color","type":"TEXT","sampleValue":"gray","children":[]},{"name":"Risk_stage_label","type":"TEXT","sampleValue":"Normal","children":[]},{"name":"Risk_stage_label_en","type":"TEXT","sampleValue":"Normal","children":[]},{"name":"Risk_stage_label_sv","type":"TEXT","sampleValue":"Normal","children":[]}]},{"name":"ValueList (list)","type":"LIST","sampleValue":"","children":[{"name":"Score","type":"NUMBER","sampleValue":"3","children":[]},{"name":"DateTime","type":"TEXT","sampleValue":"2024-09-12T09:17:42.144496919Z","children":[]}]}],"sampleResponse":{"ConfigData":[{"Widget_label":"Total Score 3","Widget_label_en":"Total Score 3","Widget_label_sv":"Total Score 3","Card_type":"card","Data_validity_period":10}],"RiskLevelList":[{"Level_position":1,"From":0,"To":5,"Risk_color":"gray","Risk_stage_label":"Normal","Risk_stage_label_en":"Normal","Risk_stage_label_sv":"Normal"},{"Level_position":2,"From":6,"To":8,"Risk_color":"yellow","Risk_stage_label":"Higher","Risk_stage_label_en":"Higher","Risk_stage_label_sv":"Higher"},{"Level_position":3,"From":8,"To":10,"Risk_color":"orange","Risk_stage_label":"Warning","Risk_stage_label_en":"Warning","Risk_stage_label_sv":"Warning"}],"ValueList":[{"Score":3,"DateTime":"2024-09-12T09:17:42.144496919Z"},{"Score":7,"DateTime":"2024-09-11T09:17:42.144496919Z"},{"Score":9,"DateTime":"2024-09-10T09:17:42.144496919Z"}]}},{"name":"Mock Widget Score 4 API call","requestMethod":"GET","headers":[],"parameters":[],"id":"45fca645-88dc-454b-82a5-c382ca58491c","groupTag":"","pathParameters":[],"pathParams":{},"customValueSet":{"ConfigData":[{"Widget_label":"Total Score 4","Widget_label_en":"Total Score 4","Widget_label_sv":"Total Score 4","Card_type":"card","Data_validity_period":10}],"RiskLevelList":[{"Level_position":1,"From":0,"To":5,"Risk_color":"gray","Risk_stage_label":"Normal","Risk_stage_label_en":"Normal","Risk_stage_label_sv":"Normal"},{"Level_position":2,"From":6,"To":8,"Risk_color":"yellow","Risk_stage_label":"Higher","Risk_stage_label_en":"Higher","Risk_stage_label_sv":"Higher"},{"Level_position":3,"From":8,"To":10,"Risk_color":"orange","Risk_stage_label":"Warning","Risk_stage_label_en":"Warning","Risk_stage_label_sv":"Warning"},{"Level_position":4,"From":10,"To":13,"Risk_color":"red","Risk_stage_label":"Danger","Risk_stage_label_en":"Danger","Risk_stage_label_sv":"Danger"},{"Level_position":5,"From":14,"To":20,"Risk_color":"red-danger","Risk_stage_label":"High Danger","Risk_stage_label_en":"High Danger","Risk_stage_label_sv":"High Danger"}],"ValueList":[{"Score":9,"DateTime":"2024-09-12T09:17:42.144496919Z"},{"Score":7,"DateTime":"2024-09-11T09:17:42.144496919Z"},{"Score":9,"DateTime":"2024-09-10T09:17:42.144496919Z"},{"Score":11,"DateTime":"2024-09-09T09:17:42.144496919Z"},{"Score":15,"DateTime":"2024-09-09T08:17:42.144496919Z"}]},"responseType":"json","bodyType":"JSON","response":[{"name":"ConfigData (list)","type":"LIST","sampleValue":"","children":[{"name":"Widget_label","type":"TEXT","sampleValue":"Total Score 4","children":[]},{"name":"Widget_label_en","type":"TEXT","sampleValue":"Total Score 4","children":[]},{"name":"Widget_label_sv","type":"TEXT","sampleValue":"Total Score 4","children":[]},{"name":"Card_type","type":"TEXT","sampleValue":"card","children":[]},{"name":"Data_validity_period","type":"NUMBER","sampleValue":"10","children":[]}]},{"name":"RiskLevelList (list)","type":"LIST","sampleValue":"","children":[{"name":"Level_position","type":"NUMBER","sampleValue":"1","children":[]},{"name":"From","type":"NUMBER","sampleValue":"0","children":[]},{"name":"To","type":"NUMBER","sampleValue":"5","children":[]},{"name":"Risk_color","type":"TEXT","sampleValue":"gray","children":[]},{"name":"Risk_stage_label","type":"TEXT","sampleValue":"Normal","children":[]},{"name":"Risk_stage_label_en","type":"TEXT","sampleValue":"Normal","children":[]},{"name":"Risk_stage_label_sv","type":"TEXT","sampleValue":"Normal","children":[]}]},{"name":"ValueList (list)","type":"LIST","sampleValue":"","children":[{"name":"Score","type":"NUMBER","sampleValue":"9","children":[]},{"name":"DateTime","type":"TEXT","sampleValue":"2024-09-12T09:17:42.144496919Z","children":[]}]}],"sampleResponse":{"ConfigData":[{"Widget_label":"Total Score 4","Widget_label_en":"Total Score 4","Widget_label_sv":"Total Score 4","Card_type":"card","Data_validity_period":10}],"RiskLevelList":[{"Level_position":1,"From":0,"To":5,"Risk_color":"gray","Risk_stage_label":"Normal","Risk_stage_label_en":"Normal","Risk_stage_label_sv":"Normal"},{"Level_position":2,"From":6,"To":8,"Risk_color":"yellow","Risk_stage_label":"Higher","Risk_stage_label_en":"Higher","Risk_stage_label_sv":"Higher"},{"Level_position":3,"From":8,"To":10,"Risk_color":"orange","Risk_stage_label":"Warning","Risk_stage_label_en":"Warning","Risk_stage_label_sv":"Warning"}],"ValueList":[{"Score":9,"DateTime":"2024-09-12T09:17:42.144496919Z"},{"Score":7,"DateTime":"2024-09-11T09:17:42.144496919Z"},{"Score":9,"DateTime":"2024-09-10T09:17:42.144496919Z"}]}}],"type":"GLOBAL"}