{
  "@type" : "TEMPLATE",
  "uid" : "e33e099f-4be9-4356-84f7-b361a2a80872",
  "description" : {
    "@type" : "RESOURCE_DESCRIPTION",
    "originalAuthor" : {
      "date" : "2024-10-14"
    },
    "otherContributors" : [ ],
    "lifecycleState" : {
      "codeString" : "unmanaged"
    },
    "ipAcknowledgements" : { },
    "references" : { },
    "conversionDetails" : { },
    "otherDetails" : {
      "licence" : "",
      "custodian_organisation" : "",
      "original_namespace" : "",
      "original_publisher" : "",
      "custodian_namespace" : "",
      "sem_ver" : "0.1.0",
      "build_uid" : "1616bbbb-c7bc-4c5a-bc78-07285496b365",
      "MD5-CAM-1.0.1" : "98b381f2aa9070e38011cb324833fb09",
      "PARENT:MD5-CAM-1.0.1" : "327A8885F97587660404644C3C6053B6"
    },
    "details" : {
      "de" : {
        "@type" : "RESOURCE_DESCRIPTION_ITEM",
        "language" : {
          "terminologyId" : {
            "value" : "ISO_639-1"
          },
          "codeString" : "de"
        },
        "keywords" : [ ],
        "originalResourceUri" : { },
        "otherDetails" : { }
      },
      "sv" : {
        "@type" : "RESOURCE_DESCRIPTION_ITEM",
        "language" : {
          "terminologyId" : {
            "value" : "ISO_639-1"
          },
          "codeString" : "sv"
        },
        "keywords" : [ ],
        "originalResourceUri" : { },
        "otherDetails" : { }
      },
      "fi" : {
        "@type" : "RESOURCE_DESCRIPTION_ITEM",
        "language" : {
          "terminologyId" : {
            "value" : "ISO_639-1"
          },
          "codeString" : "fi"
        },
        "keywords" : [ ],
        "originalResourceUri" : { },
        "otherDetails" : { }
      },
      "ko" : {
        "@type" : "RESOURCE_DESCRIPTION_ITEM",
        "language" : {
          "terminologyId" : {
            "value" : "ISO_639-1"
          },
          "codeString" : "ko"
        },
        "keywords" : [ ],
        "originalResourceUri" : { },
        "otherDetails" : { }
      },
      "pt-br" : {
        "@type" : "RESOURCE_DESCRIPTION_ITEM",
        "language" : {
          "terminologyId" : {
            "value" : "ISO_639-1"
          },
          "codeString" : "pt-br"
        },
        "keywords" : [ ],
        "originalResourceUri" : { },
        "otherDetails" : { }
      },
      "ar-sy" : {
        "@type" : "RESOURCE_DESCRIPTION_ITEM",
        "language" : {
          "terminologyId" : {
            "value" : "ISO_639-1"
          },
          "codeString" : "ar-sy"
        },
        "keywords" : [ ],
        "originalResourceUri" : { },
        "otherDetails" : { }
      },
      "en" : {
        "@type" : "RESOURCE_DESCRIPTION_ITEM",
        "language" : {
          "terminologyId" : {
            "value" : "ISO_639-1"
          },
          "codeString" : "en"
        },
        "keywords" : [ ],
        "originalResourceUri" : { },
        "otherDetails" : { }
      },
      "it" : {
        "@type" : "RESOURCE_DESCRIPTION_ITEM",
        "language" : {
          "terminologyId" : {
            "value" : "ISO_639-1"
          },
          "codeString" : "it"
        },
        "keywords" : [ ],
        "originalResourceUri" : { },
        "otherDetails" : { }
      },
      "fr" : {
        "@type" : "RESOURCE_DESCRIPTION_ITEM",
        "language" : {
          "terminologyId" : {
            "value" : "ISO_639-1"
          },
          "codeString" : "fr"
        },
        "keywords" : [ ],
        "originalResourceUri" : { },
        "otherDetails" : { }
      },
      "es" : {
        "@type" : "RESOURCE_DESCRIPTION_ITEM",
        "language" : {
          "terminologyId" : {
            "value" : "ISO_639-1"
          },
          "codeString" : "es"
        },
        "keywords" : [ ],
        "originalResourceUri" : { },
        "otherDetails" : { }
      },
      "pt-pt" : {
        "@type" : "RESOURCE_DESCRIPTION_ITEM",
        "language" : {
          "terminologyId" : {
            "value" : "ISO_639-1"
          },
          "codeString" : "pt-pt"
        },
        "keywords" : [ ],
        "originalResourceUri" : { },
        "otherDetails" : { }
      },
      "es-ar" : {
        "@type" : "RESOURCE_DESCRIPTION_ITEM",
        "language" : {
          "terminologyId" : {
            "value" : "ISO_639-1"
          },
          "codeString" : "es-ar"
        },
        "keywords" : [ ],
        "originalResourceUri" : { },
        "otherDetails" : { }
      },
      "nb" : {
        "@type" : "RESOURCE_DESCRIPTION_ITEM",
        "language" : {
          "terminologyId" : {
            "value" : "ISO_639-1"
          },
          "codeString" : "nb"
        },
        "keywords" : [ ],
        "originalResourceUri" : { },
        "otherDetails" : { }
      },
      "nl" : {
        "@type" : "RESOURCE_DESCRIPTION_ITEM",
        "language" : {
          "terminologyId" : {
            "value" : "ISO_639-1"
          },
          "codeString" : "nl"
        },
        "keywords" : [ ],
        "originalResourceUri" : { },
        "otherDetails" : { }
      }
    }
  },
  "parentArchetypeId" : "openEHR-EHR-COMPOSITION.encounter.v1",
  "differential" : false,
  "archetypeId" : {
    "@type" : "ARCHETYPE_HRID",
    "value" : "openEHR-EHR-COMPOSITION.t_encounter.v1"
  },
  "definition" : {
    "@type" : "C_COMPLEX_OBJECT",
    "rmTypeName" : "COMPOSITION",
    "occurrences" : "1..1",
    "nodeId" : "at0000.1",
    "attributes" : [ {
      "@type" : "C_ATTRIBUTE",
      "rmAttributeName" : "category",
      "existence" : "1..1",
      "children" : [ {
        "@type" : "C_COMPLEX_OBJECT",
        "rmTypeName" : "DV_CODED_TEXT",
        "occurrences" : "1..1",
        "attributes" : [ {
          "@type" : "C_ATTRIBUTE",
          "rmAttributeName" : "defining_code",
          "existence" : "1..1",
          "children" : [ {
            "@type" : "C_TERMINOLOGY_CODE",
            "rmTypeName" : "CODE_PHRASE",
            "occurrences" : "1..1",
            "terminologyId" : {
              "value" : "openehr"
            },
            "constraint" : [ "433" ]
          } ]
        } ],
        "attributeTuples" : [ ]
      } ]
    }, {
      "@type" : "C_ATTRIBUTE",
      "rmAttributeName" : "context",
      "existence" : "0..1",
      "children" : [ {
        "@type" : "C_COMPLEX_OBJECT",
        "rmTypeName" : "EVENT_CONTEXT",
        "occurrences" : "1..1",
        "attributes" : [ {
          "@type" : "C_ATTRIBUTE",
          "rmAttributeName" : "other_context",
          "existence" : "0..1",
          "children" : [ {
            "@type" : "C_COMPLEX_OBJECT",
            "rmTypeName" : "ITEM_TREE",
            "occurrences" : "1..1",
            "nodeId" : "at0001",
            "attributes" : [ {
              "@type" : "C_ATTRIBUTE",
              "rmAttributeName" : "items",
              "existence" : "0..1",
              "cardinality" : {
                "@type" : "CARDINALITY",
                "interval" : "0..*",
                "ordered" : false,
                "unique" : false
              },
              "children" : [ {
                "@type" : "ARCHETYPE_SLOT",
                "rmTypeName" : "CLUSTER",
                "occurrences" : "0..*",
                "nodeId" : "at0002",
                "includes" : [ {
                  "@type" : "ASSERTION",
                  "stringExpression" : "archetype_id/value matches {/.*/}",
                  "expression" : {
                    "@type" : "BINARY_OPERATOR",
                    "type" : "BOOLEAN",
                    "operator" : "matches",
                    "leftOperand" : {
                      "@type" : "MODEL_REFERENCE",
                      "type" : "STRING",
                      "precedenceOverriden" : false,
                      "referenceType" : "Attribute",
                      "path" : "archetype_id/value"
                    },
                    "rightOperand" : {
                      "@type" : "CONSTRAINT",
                      "type" : "STRING",
                      "precedenceOverriden" : false,
                      "referenceType" : "Constraint",
                      "item" : {
                        "@type" : "C_STRING",
                        "constraint" : [ "/.*/" ]
                      }
                    },
                    "precedenceOverriden" : false
                  },
                  "variables" : [ ]
                } ],
                "excludes" : [ ],
                "closed" : false
              } ]
            } ],
            "attributeTuples" : [ ]
          } ]
        } ],
        "attributeTuples" : [ ]
      } ]
    }, {
      "@type" : "C_ATTRIBUTE",
      "rmAttributeName" : "content",
      "existence" : "0..1",
      "cardinality" : {
        "@type" : "CARDINALITY",
        "interval" : "1..*",
        "ordered" : false,
        "unique" : false
      },
      "children" : [ ]
    } ],
    "attributeTuples" : [ ]
  },
  "terminology" : {
    "@type" : "ARCHETYPE_TERMINOLOGY",
    "conceptCode" : "at0000",
    "termDefinitions" : {
      "ar-sy" : {
        "at0000.1" : {
          "@type" : "ARCHETYPE_TERM",
          "code" : "at0000.1",
          "text" : "RSK_Template_JournalView",
          "description" : "*Interaction, contact or care event between a subject of care and healthcare provider(s).(en)"
        },
        "at0000" : {
          "@type" : "ARCHETYPE_TERM",
          "code" : "at0000",
          "text" : "*Encounter(en)",
          "description" : "*Interaction, contact or care event between a subject of care and healthcare provider(s).(en)"
        },
        "at0001" : {
          "@type" : "ARCHETYPE_TERM",
          "code" : "at0001",
          "text" : "*Tree(en)",
          "description" : "*@ internal @(en)"
        },
        "at0002" : {
          "@type" : "ARCHETYPE_TERM",
          "code" : "at0002",
          "text" : "*Extension(en)",
          "description" : "*Additional information required to capture local context or to align with other reference models/formalisms.(en)",
          "comment" : "*e.g. Local hospital departmental infomation or additional metadata to align with FHIR or CIMI equivalents.(en)"
        }
      },
      "en" : {
        "at0000" : {
          "@type" : "ARCHETYPE_TERM",
          "code" : "at0000",
          "text" : "Encounter",
          "description" : "Interaction, contact or care event between a subject of care and healthcare provider(s)."
        },
        "at0001" : {
          "@type" : "ARCHETYPE_TERM",
          "code" : "at0001",
          "text" : "Tree",
          "description" : "@ internal @"
        },
        "at0002" : {
          "@type" : "ARCHETYPE_TERM",
          "code" : "at0002",
          "text" : "Extension",
          "description" : "Additional information required to capture local context or to align with other reference models/formalisms.",
          "comment" : "e.g. Local hospital departmental infomation or additional metadata to align with FHIR or CIMI equivalents."
        },
        "at0000.1" : {
          "@type" : "ARCHETYPE_TERM",
          "code" : "at0000",
          "text" : "Encounter",
          "description" : "Interaction, contact or care event between a subject of care and healthcare provider(s)."
        }
      },
      "es-ar" : {
        "at0000.1" : {
          "@type" : "ARCHETYPE_TERM",
          "code" : "at0000.1",
          "text" : "RSK_Template_JournalView",
          "description" : "Interacción, contacto o evento de cuidados entre un sujeto de cuidados y uno o más proveedores de cuidados de la salud."
        },
        "at0000" : {
          "@type" : "ARCHETYPE_TERM",
          "code" : "at0000",
          "text" : "Encuentro",
          "description" : "Interacción, contacto o evento de cuidados entre un sujeto de cuidados y uno o más proveedores de cuidados de la salud."
        },
        "at0001" : {
          "@type" : "ARCHETYPE_TERM",
          "code" : "at0001",
          "text" : "*Tree(en)",
          "description" : "*@ internal @(en)"
        },
        "at0002" : {
          "@type" : "ARCHETYPE_TERM",
          "code" : "at0002",
          "text" : "Extensión",
          "description" : "Información adicional requerida para representar el contexto local o para alineamiento con otros modelos de referencia y formalismos.",
          "comment" : "Ej.: Información local del departamento hospitalario o metadatos adicionales para alineamiento con los equivalentes en FHIR o CIMI."
        }
      },
      "ko" : {
        "at0000.1" : {
          "@type" : "ARCHETYPE_TERM",
          "code" : "at0000.1",
          "text" : "RSK_Template_JournalView",
          "description" : "*Interaction, contact or care event between a subject of care and healthcare provider(s).(en)"
        },
        "at0000" : {
          "@type" : "ARCHETYPE_TERM",
          "code" : "at0000",
          "text" : "*Encounter(en)",
          "description" : "*Interaction, contact or care event between a subject of care and healthcare provider(s).(en)"
        },
        "at0001" : {
          "@type" : "ARCHETYPE_TERM",
          "code" : "at0001",
          "text" : "*Tree(en)",
          "description" : "*@ internal @(en)"
        },
        "at0002" : {
          "@type" : "ARCHETYPE_TERM",
          "code" : "at0002",
          "text" : "*Extension(en)",
          "description" : "*Additional information required to capture local context or to align with other reference models/formalisms.(en)",
          "comment" : "*e.g. Local hospital departmental infomation or additional metadata to align with FHIR or CIMI equivalents.(en)"
        }
      },
      "pt-br" : {
        "at0000.1" : {
          "@type" : "ARCHETYPE_TERM",
          "code" : "at0000.1",
          "text" : "RSK_Template_JournalView",
          "description" : "Interação, contato ou cuidado entre o sujeito do cuidado e profissional(is) de saúde."
        },
        "at0000" : {
          "@type" : "ARCHETYPE_TERM",
          "code" : "at0000",
          "text" : "Encontro",
          "description" : "Interação, contato ou cuidado entre o sujeito do cuidado e profissional(is) de saúde."
        },
        "at0001" : {
          "@type" : "ARCHETYPE_TERM",
          "code" : "at0001",
          "text" : "Tree",
          "description" : "@ internal @"
        },
        "at0002" : {
          "@type" : "ARCHETYPE_TERM",
          "code" : "at0002",
          "text" : "Extensão",
          "description" : "Informações adicionais necessárias para identificar contexto local ou alinhar com outros formalismos/modelos de referência.",
          "comment" : "Por exemplo: informação departamental local de hospital ou metadados adicionais para alinhar com equivalentes FHIR ou CIMI."
        }
      },
      "es" : {
        "at0000.1" : {
          "@type" : "ARCHETYPE_TERM",
          "code" : "at0000.1",
          "text" : "RSK_Template_JournalView",
          "description" : "Interacción, contacto o evento de cuidado entre un paciente y un proveedor de salud."
        },
        "at0000" : {
          "@type" : "ARCHETYPE_TERM",
          "code" : "at0000",
          "text" : "Encuentro",
          "description" : "Interacción, contacto o evento de cuidado entre un paciente y un proveedor de salud."
        },
        "at0001" : {
          "@type" : "ARCHETYPE_TERM",
          "code" : "at0001",
          "text" : "Tree",
          "description" : "@ internal @"
        },
        "at0002" : {
          "@type" : "ARCHETYPE_TERM",
          "code" : "at0002",
          "text" : "Extensión",
          "description" : "Información adicional requerida para capturar el contexto local o alinear con otros modelos de referencia o formalismos.",
          "comment" : "p.ej. Información departamental del hospital local o metadatos adicionales para alinearse con los equivalentes de FHIR o CIMI."
        }
      },
      "nl" : {
        "at0000.1" : {
          "@type" : "ARCHETYPE_TERM",
          "code" : "at0000.1",
          "text" : "RSK_Template_JournalView",
          "description" : "Interactie, contact of zorggebeurtenis tussen een onderwerp van zorg en zorgverlener(s)."
        },
        "at0000" : {
          "@type" : "ARCHETYPE_TERM",
          "code" : "at0000",
          "text" : "Contact",
          "description" : "Interactie, contact of zorggebeurtenis tussen een onderwerp van zorg en zorgverlener(s)."
        },
        "at0001" : {
          "@type" : "ARCHETYPE_TERM",
          "code" : "at0001",
          "text" : "Tree",
          "description" : "@ internal @"
        },
        "at0002" : {
          "@type" : "ARCHETYPE_TERM",
          "code" : "at0002",
          "text" : "Extensie",
          "description" : "Aanvullende informatie die vereist is om de lokale context vast te leggen of in lijn te brengen met andere referentie-modellen/formalismen.",
          "comment" : "Bijvoorbeeld lokale ziekenhuisafdeling informatie of aanvullende metadata om uit in lijn te brengen met FHIR of CIMI-equivalenten."
        }
      },
      "sv" : {
        "at0000" : {
          "@type" : "ARCHETYPE_TERM",
          "code" : "at0000",
          "text" : "Vårdkontakt",
          "description" : "Interaktion, kontakt eller vårdhändelse mellan patient och vårdgivare inom hälso- och sjukvården."
        },
        "at0001" : {
          "@type" : "ARCHETYPE_TERM",
          "code" : "at0001",
          "text" : "Tree",
          "description" : "@ internal @"
        },
        "at0002" : {
          "@type" : "ARCHETYPE_TERM",
          "code" : "at0002",
          "text" : "Tilläggsinformation",
          "description" : "Plats för tilläggsinformation som krävs för lokala anpassningar eller anpassning till andra referensmodeller eller formella krav.",
          "comment" : "Exempelvis lokala informationskrav eller metadata för anpassning till FHIR- eller CIMI-motsvarigheter."
        },
        "at0000.1" : {
          "@type" : "ARCHETYPE_TERM",
          "code" : "at0000",
          "text" : "Vårdkontakt",
          "description" : "Interaktion, kontakt eller vårdhändelse mellan patient och vårdgivare inom hälso- och sjukvården."
        }
      },
      "de" : {
        "at0000.1" : {
          "@type" : "ARCHETYPE_TERM",
          "code" : "at0000.1",
          "text" : "RSK_Template_JournalView",
          "description" : "Interaktion, Kontakt oder Versorgungsereignis, zwischen einem Versorgungsempfänger und einem Gesundheitsdienstleister."
        },
        "at0000" : {
          "@type" : "ARCHETYPE_TERM",
          "code" : "at0000",
          "text" : "Kontakt",
          "description" : "Interaktion, Kontakt oder Versorgungsereignis, zwischen einem Versorgungsempfänger und einem Gesundheitsdienstleister."
        },
        "at0001" : {
          "@type" : "ARCHETYPE_TERM",
          "code" : "at0001",
          "text" : "Tree",
          "description" : "@ internal @"
        },
        "at0002" : {
          "@type" : "ARCHETYPE_TERM",
          "code" : "at0002",
          "text" : "Erweiterung",
          "description" : "Zusätzliche Informationen, zur Erfassung lokaler Inhalte oder Anpassung an andere Referenzmodelle / Formalismen.",
          "comment" : "Zum Beispiel Informationen zu lokalen Krankenhausabteilungen oder zusätzliche Metadaten zur Übereinstimmung mit FHIR- oder CIMI-Äquivalenten."
        }
      },
      "fi" : {
        "at0000" : {
          "@type" : "ARCHETYPE_TERM",
          "code" : "at0000",
          "text" : "Kontakti",
          "description" : "Hoitohenkilön ja terveydenhuollon tarjoajan välinen vuorovaikutus, kontakti- tai hoitotapahtuma."
        },
        "at0001" : {
          "@type" : "ARCHETYPE_TERM",
          "code" : "at0001",
          "text" : "Tree",
          "description" : "@ internal @"
        },
        "at0002" : {
          "@type" : "ARCHETYPE_TERM",
          "code" : "at0002",
          "text" : "Laajennus",
          "description" : "*Additional information required to capture local context or to align with other reference models/formalisms.(en)",
          "comment" : "*e.g. Local hospital departmental infomation or additional metadata to align with FHIR or CIMI equivalents.(en)"
        },
        "at0000.1" : {
          "@type" : "ARCHETYPE_TERM",
          "code" : "at0000",
          "text" : "Kontakti",
          "description" : "Hoitohenkilön ja terveydenhuollon tarjoajan välinen vuorovaikutus, kontakti- tai hoitotapahtuma."
        }
      },
      "it" : {
        "at0000.1" : {
          "@type" : "ARCHETYPE_TERM",
          "code" : "at0000.1",
          "text" : "RSK_Template_JournalView",
          "description" : "Interazione, contatto o evento di cura tra un soggetto di cura e il/i fornitore/i di assistenza sanitaria."
        },
        "at0000" : {
          "@type" : "ARCHETYPE_TERM",
          "code" : "at0000",
          "text" : "Contatto",
          "description" : "Interazione, contatto o evento di cura tra un soggetto di cura e il/i fornitore/i di assistenza sanitaria."
        },
        "at0001" : {
          "@type" : "ARCHETYPE_TERM",
          "code" : "at0001",
          "text" : "Tree",
          "description" : "@ internal @"
        },
        "at0002" : {
          "@type" : "ARCHETYPE_TERM",
          "code" : "at0002",
          "text" : "Estensione",
          "description" : "Informazioni aggiuntive necessarie per catturare il contesto locale o per allinearsi con altri modelli/formalismi di riferimento.",
          "comment" : "e.g. Informazioni sul reparto ospedaliero locale o metadati aggiuntivi da allineare con gli equivalenti FHIR o CIMI."
        }
      },
      "fr" : {
        "at0000.1" : {
          "@type" : "ARCHETYPE_TERM",
          "code" : "at0000.1",
          "text" : "RSK_Template_JournalView",
          "description" : "Interaction, contact ou événement de soins entre un sujet de soins et un ou des prestataires de soins."
        },
        "at0000" : {
          "@type" : "ARCHETYPE_TERM",
          "code" : "at0000",
          "text" : "Rencontre",
          "description" : "Interaction, contact ou événement de soins entre un sujet de soins et un ou des prestataires de soins."
        },
        "at0001" : {
          "@type" : "ARCHETYPE_TERM",
          "code" : "at0001",
          "text" : "Tree",
          "description" : "@ internal @"
        },
        "at0002" : {
          "@type" : "ARCHETYPE_TERM",
          "code" : "at0002",
          "text" : "Extension",
          "description" : "Informations supplémentaires requises pour saisir le contexte local ou pour s'aligner sur d'autres modèles/formalismes de référence.",
          "comment" : "Par exemple: les informations sur les services hospitaliers locaux ou des métadonnées supplémentaires pour s'aligner sur les équivalents FHIR ou CIMI."
        }
      },
      "nb" : {
        "at0000" : {
          "@type" : "ARCHETYPE_TERM",
          "code" : "at0000",
          "text" : "Klinisk kontakt",
          "description" : "Interaksjon, kontakt eller omsorgshendelse mellom et individ og helsepersonell."
        },
        "at0001" : {
          "@type" : "ARCHETYPE_TERM",
          "code" : "at0001",
          "text" : "Tree",
          "description" : "@ internal @"
        },
        "at0002" : {
          "@type" : "ARCHETYPE_TERM",
          "code" : "at0002",
          "text" : "Utvidelse",
          "description" : "Tilleggsinformasjon som kan være nødvendig for å dokumentere lokal kontekst, eller for å tilpasse til andre referansemodeller/formalismer.",
          "comment" : "F.eks. lokal avdelingsinformasjon eller ytterligere metadata for tilpasning til FHIR eller CIMI."
        },
        "at0000.1" : {
          "@type" : "ARCHETYPE_TERM",
          "code" : "at0000",
          "text" : "Klinisk kontakt",
          "description" : "Interaksjon, kontakt eller omsorgshendelse mellom et individ og helsepersonell."
        }
      },
      "pt-pt" : {
        "at0000.1" : {
          "@type" : "ARCHETYPE_TERM",
          "code" : "at0000.1",
          "text" : "RSK_Template_JournalView",
          "description" : "Interação, contato ou evento de cuidados entre um sujeito e um provedor de saúde."
        },
        "at0000" : {
          "@type" : "ARCHETYPE_TERM",
          "code" : "at0000",
          "text" : "Encontro",
          "description" : "Interação, contato ou evento de cuidados entre um sujeito e um provedor de saúde."
        },
        "at0001" : {
          "@type" : "ARCHETYPE_TERM",
          "code" : "at0001",
          "text" : "Tree",
          "description" : "@ internal @"
        },
        "at0002" : {
          "@type" : "ARCHETYPE_TERM",
          "code" : "at0002",
          "text" : "Extensão",
          "description" : "Informações adicionais necessárias para captar o contexto local ou para alinhar com outros modelos/formalismos de referência.",
          "comment" : "Por exemplo, informação departamental do hospital local ou metadados adicionais para alinhar com os equivalentes FHIR ou CIMI."
        }
      }
    },
    "termBindings" : { },
    "terminologyExtracts" : { },
    "valueSets" : { }
  },
  "adlVersion" : "1.4",
  "buildUid" : "ed2cc0eb-c508-3e66-a7bc-0e3f3e3f196f",
  "rmName" : "openehr",
  "rmRelease" : "1.1.0",
  "generated" : true,
  "templateId" : "RSK_Template_JournalView",
  "otherMetaData" : { },
  "templateOverlays" : [ ],
  "originalLanguage" : {
    "terminologyId" : {
      "value" : "ISO_639-1"
    },
    "codeString" : "en"
  },
  "translations" : [ {
    "@type" : "TRANSLATION_DETAILS",
    "language" : {
      "terminologyId" : {
        "value" : "ISO_639-1"
      },
      "codeString" : "de"
    },
    "author" : { },
    "otherDetails" : { }
  }, {
    "@type" : "TRANSLATION_DETAILS",
    "language" : {
      "terminologyId" : {
        "value" : "ISO_639-1"
      },
      "codeString" : "sv"
    },
    "author" : { },
    "otherDetails" : { }
  }, {
    "@type" : "TRANSLATION_DETAILS",
    "language" : {
      "terminologyId" : {
        "value" : "ISO_639-1"
      },
      "codeString" : "fi"
    },
    "author" : { },
    "otherDetails" : { }
  }, {
    "@type" : "TRANSLATION_DETAILS",
    "language" : {
      "terminologyId" : {
        "value" : "ISO_639-1"
      },
      "codeString" : "ko"
    },
    "author" : { },
    "otherDetails" : { }
  }, {
    "@type" : "TRANSLATION_DETAILS",
    "language" : {
      "terminologyId" : {
        "value" : "ISO_639-1"
      },
      "codeString" : "pt-br"
    },
    "author" : { },
    "otherDetails" : { }
  }, {
    "@type" : "TRANSLATION_DETAILS",
    "language" : {
      "terminologyId" : {
        "value" : "ISO_639-1"
      },
      "codeString" : "ar-sy"
    },
    "author" : { },
    "otherDetails" : { }
  }, {
    "@type" : "TRANSLATION_DETAILS",
    "language" : {
      "terminologyId" : {
        "value" : "ISO_639-1"
      },
      "codeString" : "it"
    },
    "author" : { },
    "otherDetails" : { }
  }, {
    "@type" : "TRANSLATION_DETAILS",
    "language" : {
      "terminologyId" : {
        "value" : "ISO_639-1"
      },
      "codeString" : "fr"
    },
    "author" : { },
    "otherDetails" : { }
  }, {
    "@type" : "TRANSLATION_DETAILS",
    "language" : {
      "terminologyId" : {
        "value" : "ISO_639-1"
      },
      "codeString" : "es"
    },
    "author" : { },
    "otherDetails" : { }
  }, {
    "@type" : "TRANSLATION_DETAILS",
    "language" : {
      "terminologyId" : {
        "value" : "ISO_639-1"
      },
      "codeString" : "pt-pt"
    },
    "author" : { },
    "otherDetails" : { }
  }, {
    "@type" : "TRANSLATION_DETAILS",
    "language" : {
      "terminologyId" : {
        "value" : "ISO_639-1"
      },
      "codeString" : "es-ar"
    },
    "author" : { },
    "otherDetails" : { }
  }, {
    "@type" : "TRANSLATION_DETAILS",
    "language" : {
      "terminologyId" : {
        "value" : "ISO_639-1"
      },
      "codeString" : "nb"
    },
    "author" : { },
    "otherDetails" : { }
  }, {
    "@type" : "TRANSLATION_DETAILS",
    "language" : {
      "terminologyId" : {
        "value" : "ISO_639-1"
      },
      "codeString" : "nl"
    },
    "author" : { },
    "otherDetails" : { }
  } ]
}