{"name":"RSK - Activity","id":"0b7cd9ff-aa5b-4cf4-880f-481c1b8642d5","headers":[],"parameters":[],"authentication":{"params":[],"type":"None"},"type":"GLOBAL","baseUrl":"https://open-platform-migration.service.tietoevry.com/ehr/rest/v1/view/","calls":[{"name":"Mock Get Activity Data API call","requestMethod":"GET","headers":[],"parameters":[],"id":"ca26ec23-436b-4e01-ab0f-8f1563c3b494","groupTag":"","pathParameters":[],"pathParams":{},"customValueSet":{"ActivityList":[{"lastSavedDateTime":"2024-08-30T12:31:49.000Z","displayDateTime":"2024.08.30 12:31","displayDate":"2024.08.30","displayTime":"12:31","activityName":"Provtagning","explanation/instruction":"","carried out":"","profession":"Läkare","createdBy":"Testenhet 17 **CSTC Int","status":"Ongoing"},{"lastSavedDateTime":"2024-09-02T11:41:33.000Z","displayDateTime":"2024.09.02 11:41","displayDate":"2024.09.02","displayTime":"11:41","activityName":"Blodtrycksmätning","explanation/instruction":"","carried out":"","profession":"Läkare","createdBy":"Testenhet 6** CSTC ÖV","status":"Ongoing"}]},"responseType":"json","bodyType":"JSON","response":[{"name":"ActivityList (list)","type":"LIST","sampleValue":"","children":[{"name":"lastSavedDateTime","type":"TEXT","sampleValue":"2024-08-30T12:31:49.000Z","children":[]},{"name":"displayDateTime","type":"TEXT","sampleValue":"2024.08.30 12:31","children":[]},{"name":"displayDate","type":"TEXT","sampleValue":"2024.08.30","children":[]},{"name":"displayTime","type":"TEXT","sampleValue":"12:31","children":[]},{"name":"activityName","type":"TEXT","sampleValue":"Provtagning","children":[]},{"name":"explanation/instruction","type":"NUMBER","sampleValue":"","children":[]},{"name":"carried out","type":"NUMBER","sampleValue":"","children":[]},{"name":"profession","type":"TEXT","sampleValue":"Läkare","children":[]},{"name":"createdBy","type":"TEXT","sampleValue":"Testenhet 17 **CSTC Int","children":[]},{"name":"status","type":"TEXT","sampleValue":"Ongoing","children":[]}]}],"postProcessorCode":"\"/* Example:\\nlet result = processor.responseData[0].data;\\n\\n// when you are done with the post-request, call processor.done(result) to finish the request\\nprocessor.done(result);\\n*/\\n\\nlet result = processor.responseData.ActivityList;\\nvar originalList = result;\\n\\nif(originalList && originalList.length > 0) {\\n    originalList.forEach(function(item) {\\n            if(item.lastSavedDateTime && item.lastSavedDateTime !== undefined ) {\\n                var dateTimeArray = (item.lastSavedDateTime && item.lastSavedDateTime.includes(\\\"T\\\")) ? item.lastSavedDateTime.split(\\\"T\\\") : [];\\n                var date = (dateTimeArray[0] && dateTimeArray[0].includes(\\\"-\\\")) ? dateTimeArray[0].replaceAll(\\\"-\\\", \\\".\\\"): dateTimeArray[0];\\n                var time = (dateTimeArray[1] && dateTimeArray[1].includes(\\\":\\\")) ? dateTimeArray[1].split(\\\":\\\") : [];\\n                var dateTime = date + ' ' + time[0] + ':' + time[1];\\n                item.displayDateTime = dateTime;\\n                item.displayDate = date;\\n                item.displayTime = time[0] + ':' + time[1];\\n            }\\n        });\\n}\\nvar response = {\\\"ActivityList\\\": originalList};\\n// console.log('originalList After: ',response);\\nprocessor.done(response);\\n// processor.done(result);\"","sampleResponse":{"ActivityList":[{"lastSavedDateTime":"2024-08-30T12:31:49.000Z","displayDateTime":"2024.08.30 12:31","displayDate":"2024.08.30","displayTime":"12:31","activityName":"Provtagning","explanation/instruction":"","carried out":"","profession":"Läkare","createdBy":"Testenhet 17 **CSTC Int","status":"Ongoing"},{"lastSavedDateTime":"2024-09-02T11:41:33.000Z","displayDateTime":"2024.09.02 11:41","displayDate":"2024.09.02","displayTime":"11:41","activityName":"Blodtrycksmätning","explanation/instruction":"","carried out":"","profession":"Läkare","createdBy":"Testenhet 6** CSTC ÖV","status":"Ongoing"}]}},{"name":"Mock Get Activity Filter Data API call","requestMethod":"GET","headers":[],"parameters":[],"id":"92f11fb0-144b-48d3-b301-fd1896a79b09","groupTag":"","pathParameters":[],"pathParams":{},"customValueSet":{"StartDateTime":"","EndDateTime":"","Activities":[{"DateTime":"2024-08-30T12:31:49.000Z","ActivityId":"235","ActivityName":"Provtagning"},{"DateTime":"2024-09-02T11:41:33.000Z","ActivityId":"4321","ActivityName":"Blodtrycksmätning"}]},"responseType":"json","bodyType":"JSON","response":[{"name":"StartDateTime","type":"NUMBER","sampleValue":"","children":[]},{"name":"EndDateTime","type":"NUMBER","sampleValue":"","children":[]},{"name":"Activities (list)","type":"LIST","sampleValue":"","children":[{"name":"DateTime","type":"TEXT","sampleValue":"2024-08-30T12:31:49.000Z","children":[]},{"name":"ActivityId","type":"NUMBER","sampleValue":"235","children":[]},{"name":"ActivityName","type":"TEXT","sampleValue":"Provtagning","children":[]}]}],"sampleResponse":{"StartDateTime":"","EndDateTime":"","Activities":[{"DateTime":"2024-08-30T12:31:49.000Z","ActivityId":"235","ActivityName":"Provtagning"},{"DateTime":"2024-09-02T11:41:33.000Z","ActivityId":"4321","ActivityName":"Blodtrycksmätning"}]}},{"name":"Get Activity List API call","requestMethod":"GET","headers":[],"parameters":[],"id":"121a1152-27f9-4e28-87d2-84b587e7ead6","groupTag":"","pathParameters":[{"name":"{ehrId}","value":"%ehrId%","testValue":"31a92be4-4591-44be-ab7f-1f184891ec1f","required":null},{"name":"{startDateTime}","value":"","testValue":"","required":null},{"name":"{endDateTime}","value":"","testValue":"","required":null},{"name":"{activityIds}","value":"","testValue":"","required":null}],"pathParams":{"{ehrId}":"%ehrId%","{startDateTime}":"","{endDateTime}":"","{activityIds}":""},"customValueSet":null,"url":"{ehrId}/RSK.View.ActivityList?startDateTime={startDateTime}&endDateTime={endDateTime}&ActivityIds={activityIds}","responseType":"json","bodyType":"JSON","response":[{"name":"ActivityList (list)","type":"LIST","sampleValue":"","children":[{"name":"CompositionUid","type":"TEXT","sampleValue":"f019594e-a056-4e34-9e4a-657196858731::default::1","children":[]},{"name":"LastSavedDateTime","type":"TEXT","sampleValue":"2024-11-14T10:04:35Z","children":[]},{"name":"DisplayLastSavedDateTime","type":"TEXT","sampleValue":"2024-11-14 10:04","children":[]},{"name":"ActivityId","type":"NUMBER","sampleValue":"4548","children":[]},{"name":"ActivityName","type":"TEXT","sampleValue":"Ankeltryck mätning","children":[]},{"name":"Instructions","type":"OBJECT","sampleValue":"","children":[]},{"name":"CarriedOutDateTime","type":"TEXT","sampleValue":"2024-11-14T10:04:00Z","children":[]},{"name":"DisplayCarriedOutDateTime","type":"TEXT","sampleValue":"2024-11-14 10:04","children":[]},{"name":"ProfessionCode","type":"OBJECT","sampleValue":"","children":[]},{"name":"ProfessionName","type":"OBJECT","sampleValue":"","children":[]},{"name":"CreatedCareUnitId","type":"NUMBER","sampleValue":"1781","children":[]},{"name":"CreatedCareUnitName","type":"TEXT","sampleValue":"Testenhet 6** CSTC ÖV","children":[]},{"name":"DateTime","type":"TEXT","sampleValue":"2024-11-14T10:02:52Z","children":[]}]},{"name":"Activities (list)","type":"LIST","sampleValue":"","children":[{"name":"CompositionUid","type":"TEXT","sampleValue":"f019594e-a056-4e34-9e4a-657196858731::default::1","children":[]},{"name":"LastSavedDateTime","type":"TEXT","sampleValue":"2024-11-14T10:04:35Z","children":[]},{"name":"DisplayLastSavedDateTime","type":"TEXT","sampleValue":"2024-11-14 10:04","children":[]},{"name":"ActivityId","type":"NUMBER","sampleValue":"4548","children":[]},{"name":"ActivityName","type":"TEXT","sampleValue":"Ankeltryck mätning","children":[]},{"name":"Instructions","type":"OBJECT","sampleValue":"","children":[]},{"name":"CarriedOutDateTime","type":"TEXT","sampleValue":"2024-11-14T10:04:00Z","children":[]},{"name":"DisplayCarriedOutDateTime","type":"TEXT","sampleValue":"2024-11-14 10:04","children":[]},{"name":"ProfessionCode","type":"OBJECT","sampleValue":"","children":[]},{"name":"ProfessionName","type":"OBJECT","sampleValue":"","children":[]},{"name":"CreatedCareUnitId","type":"NUMBER","sampleValue":"1781","children":[]},{"name":"CreatedCareUnitName","type":"TEXT","sampleValue":"Testenhet 6** CSTC ÖV","children":[]},{"name":"DateTime","type":"TEXT","sampleValue":"2024-11-14T10:02:52Z","children":[]}]}],"postProcessorCode":"\"/* Example:\\nlet result = processor.responseData[0].data;\\n\\n// when you are done with the post-request, call processor.done(result) to finish the request\\nprocessor.done(result);\\n*/\\n\\nlet result = processor.responseData;\\nif(result && result.length > 0){\\n    var originalList = result.filter(x =>x.CarriedOutDateTime !== null);\\n    if(originalList && originalList.length > 0) {\\n        api.setVariableValue('isArchetypeData', true);\\n        originalList.forEach(function(item) {\\n                if(item.LastSavedDateTime && item.LastSavedDateTime !== undefined ) {\\n                    var dateTimeArray = (item.LastSavedDateTime && item.LastSavedDateTime.includes(\\\"T\\\")) ? item.LastSavedDateTime.split(\\\"T\\\") : [];\\n                    // var date = (dateTimeArray[0] && dateTimeArray[0].includes(\\\"-\\\")) ? dateTimeArray[0].replaceAll(\\\"-\\\", \\\".\\\"): dateTimeArray[0];\\n                    var date = dateTimeArray[0];\\n                    var time = (dateTimeArray[1] && dateTimeArray[1].includes(\\\":\\\")) ? dateTimeArray[1].split(\\\":\\\") : [];\\n                    var dateTime = date + ' ' + time[0] + ':' + time[1];\\n                    item.DisplayLastSavedDateTime = dateTime;\\n                }\\n                if(item.CarriedOutDateTime && item.CarriedOutDateTime !== undefined ) {\\n                    var dateTimeArray = (item.CarriedOutDateTime && item.CarriedOutDateTime.includes(\\\"T\\\")) ? item.CarriedOutDateTime.split(\\\"T\\\") : [];\\n                    // var date = (dateTimeArray[0] && dateTimeArray[0].includes(\\\"-\\\")) ? dateTimeArray[0].replaceAll(\\\"-\\\", \\\".\\\"): dateTimeArray[0];\\n                    var date = dateTimeArray[0];\\n                    var time = (dateTimeArray[1] && dateTimeArray[1].includes(\\\":\\\")) ? dateTimeArray[1].split(\\\":\\\") : [];\\n                    var dateTime = date + ' ' + time[0] + ':' + time[1];\\n                    item.DisplayCarriedOutDateTime = dateTime;\\n                }\\n            });\\n    } else {\\n        api.setVariableValue('isArchetypeData', false);\\n    }\\n    const activities = originalList.filter((o, index, arr) =>arr.findIndex(item => JSON.stringify(item.ActivityId) === JSON.stringify(o.ActivityId)) === index);\\n    var response = {\\\"ActivityList\\\": originalList, \\\"Activities\\\": activities };\\n    processor.done(response);\\n}\\nprocessor.done(result);\"","sampleResponse":{"ActivityList":[{"CompositionUid":"f019594e-a056-4e34-9e4a-657196858731::default::1","LastSavedDateTime":"2024-11-14T10:04:35Z","DisplayLastSavedDateTime":"2024-11-14 10:04","ActivityId":"4548","ActivityName":"Ankeltryck mätning","Instructions":null,"CarriedOutDateTime":"2024-11-14T10:04:00Z","DisplayCarriedOutDateTime":"2024-11-14 10:04","ProfessionCode":null,"ProfessionName":null,"CreatedCareUnitId":"1781","CreatedCareUnitName":"Testenhet 6** CSTC ÖV","DateTime":"2024-11-14T10:02:52Z"},{"CompositionUid":"3d65d46e-5701-4456-9aaa-8a75e0b385eb::default::1","LastSavedDateTime":"2024-11-14T10:02:19Z","DisplayLastSavedDateTime":"2024-11-14 10:02","ActivityId":"6431","ActivityName":"6-minuters gångtest","Instructions":null,"CarriedOutDateTime":"2024-11-14T10:00:00Z","DisplayCarriedOutDateTime":"2024-11-14 10:00","ProfessionCode":null,"ProfessionName":null,"CreatedCareUnitId":"1781","CreatedCareUnitName":"Testenhet 6** CSTC ÖV","DateTime":"2024-11-14T10:00:19Z"},{"CompositionUid":"b5504096-4b19-4edd-9115-9bc848fe6c4f::default::1","LastSavedDateTime":"2024-11-14T09:57:51Z","DisplayLastSavedDateTime":"2024-11-14 09:57","ActivityId":"4376","ActivityName":"Artärkateter ut","Instructions":null,"CarriedOutDateTime":"2024-11-14T09:56:00Z","DisplayCarriedOutDateTime":"2024-11-14 09:56","ProfessionCode":"70","ProfessionName":"Sjuksköterskor","CreatedCareUnitId":"1781","CreatedCareUnitName":"Testenhet 6** CSTC ÖV","DateTime":"2024-11-14T09:56:21Z"}],"Activities":[{"CompositionUid":"f019594e-a056-4e34-9e4a-657196858731::default::1","LastSavedDateTime":"2024-11-14T10:04:35Z","DisplayLastSavedDateTime":"2024-11-14 10:04","ActivityId":"4548","ActivityName":"Ankeltryck mätning","Instructions":null,"CarriedOutDateTime":"2024-11-14T10:04:00Z","DisplayCarriedOutDateTime":"2024-11-14 10:04","ProfessionCode":null,"ProfessionName":null,"CreatedCareUnitId":"1781","CreatedCareUnitName":"Testenhet 6** CSTC ÖV","DateTime":"2024-11-14T10:02:52Z"},{"CompositionUid":"3d65d46e-5701-4456-9aaa-8a75e0b385eb::default::1","LastSavedDateTime":"2024-11-14T10:02:19Z","DisplayLastSavedDateTime":"2024-11-14 10:02","ActivityId":"6431","ActivityName":"6-minuters gångtest","Instructions":null,"CarriedOutDateTime":"2024-11-14T10:00:00Z","DisplayCarriedOutDateTime":"2024-11-14 10:00","ProfessionCode":null,"ProfessionName":null,"CreatedCareUnitId":"1781","CreatedCareUnitName":"Testenhet 6** CSTC ÖV","DateTime":"2024-11-14T10:00:19Z"},{"CompositionUid":"b5504096-4b19-4edd-9115-9bc848fe6c4f::default::1","LastSavedDateTime":"2024-11-14T09:57:51Z","DisplayLastSavedDateTime":"2024-11-14 09:57","ActivityId":"4376","ActivityName":"Artärkateter ut","Instructions":null,"CarriedOutDateTime":"2024-11-14T09:56:00Z","DisplayCarriedOutDateTime":"2024-11-14 09:56","ProfessionCode":"70","ProfessionName":"Sjuksköterskor","CreatedCareUnitId":"1781","CreatedCareUnitName":"Testenhet 6** CSTC ÖV","DateTime":"2024-11-14T09:56:21Z"}]}},{"name":"Get Activities API call","requestMethod":"GET","headers":[],"parameters":[],"id":"53c16da9-a4b9-4d6a-adf6-b869d214845c","groupTag":"","pathParameters":[{"name":"{ehrId}","value":"%ehrId%","testValue":"baeb8407-12db-4aa4-8088-0e5ec1475ead","required":null}],"pathParams":{"{ehrId}":"%ehrId%"},"customValueSet":null,"url":"{ehrId}/RSK.View.Activities","responseType":"json","bodyType":"JSON","response":[{"name":"value (list)","type":"LIST","sampleValue":"","children":[{"name":"ActivityId","type":"NUMBER","sampleValue":"6431","children":[]},{"name":"ActivityName","type":"TEXT","sampleValue":"6-minuters gångtest","children":[]}]}],"sampleResponse":[{"ActivityId":"6431","ActivityName":"6-minuters gångtest"},{"ActivityId":"4548","ActivityName":"Ankeltryck mätning"},{"ActivityId":"4377","ActivityName":"Artärkateter in"}]}]}