{"name":"RSK.View.Measurements.Data","category":null,"description":"RSK.View.Measurements.Data","metaData":"{\"parameters\":[{\"name\":\"ehrId\",\"description\":\"\",\"type\":\"string\"},{\"name\":\"fromDate\",\"description\":\"\",\"type\":\"string\"},{\"name\":\"toDate\",\"description\":\"\",\"type\":\"string\"}]}","steps":[{"processorName":"jsonAql","processorData":"SELECT c/uid/value as CompositionId,\r\n       x/items[at0008]/value/value AS Dokumentnamn,\r\n       x/items[at0004]/value/value AS Dokumentationskod,\r\n       o/items[at0001]/value/defining_code/code_string AS Id, \r\n       o/items[at0001]/value/value AS Name,\r\n       o/items[at0002]/value AS Value,\r\n       o/items[at0013]/value/value AS Kommetar,\r\n       o/value/value AS SkalaText,\r\n       x/items[at0005]/value/value AS Dokumentationstidpunkt,\r\n       c/context/start_time/value as DateTime\r\nFROM EHR e \r\nCONTAINS COMPOSITION c[openEHR-EHR-COMPOSITION.encounter.v1] \r\nCONTAINS (CLUSTER x[openEHR-EHR-CLUSTER.composition_metadata_tc.v1] \r\nAND CLUSTER p[openEHR-EHR-CLUSTER.organisation.v1,\"Vårdenhet\"] \r\nAND CLUSTER o[openEHR-EHR-CLUSTER.generic_keyword_rsk.v1]) \r\nWHERE e/ehr_id/value = :ehrId AND c/archetype_details/template_id/value = \"RSK - Journal Encounter\" \r\nAND x/items[at0008]/value/value = \"Mätningar\"\r\nAND x/items[at0004]/value/value = \"MÄT\" \r\nAND o/items[at0001]/value/defining_code/code_string > \"0\"\r\nAND c/context/start_time/value >= :fromDate and c/context/start_time/value <= :toDate\r\nORDER BY Name asc\r\nOFFSET 0 LIMIT 5000"}]}